"sensor_name","sensor_id","date_installed","tidally_influenced","date_removed","street_name","borough","zipcode","community_board","council_district","census_tract","nta","latitude","longitude","lowest_point_height_delta_inches","location"
"BK - Georgia Ave/ Livonia Ave","BK-livonia-ave-georgia-ave-2tzr8o","2026-03-06T00:00:00.000","No",,"Georgia Avenue","Brooklyn","11207","305","BK05","3112600","BK0503","40.664423","-73.895839","7.95","POINT (-73.895839 40.664423)"
"Q - Roosevelt Ave/Prince St","Q-roosevelt-ave-prince-st-2t7spo","2026-02-19T00:00:00.000","No",,"Roosevelt Avenue","Queens","11354","407","QN07","4087100","QN0707","40.758898","-73.832241","6.5","POINT (-73.832241 40.758898)"
"BK - Lott Ave/Thatford Ave","BK-lott-ave-thatford-ave-2tzqlc","2026-03-06T00:00:00.000","No",,"Lott Avenue","Brooklyn","11212","316","BK16","3092000","BK1602","40.658076","-73.90676","8.19","POINT (-73.90676 40.658076)"
"BK - Linden Blvd/Vermont St","BK-vermont-st-linden-blvd-2tzqx0","2026-03-06T00:00:00.000","No",,"Linden Boulevard","Brooklyn","11207","305","BK05","3110400","BK0503","40.659197","-73.888368","11.42","POINT (-73.888368 40.659197)"
"BK - Halsey St/Saratoga Ave","BK-halsey-st-saratoga-ave-2tzmno","2026-03-06T00:00:00.000","No",,"Halsey Street","Brooklyn","11233","303","BK03","3037700","BK0302","40.685532","-73.917807","6.97","POINT (-73.917807 40.685532)"
"BK - Brooklyn Ave/St Marks Ave","BK-saint-marks-ave-brooklyn-ave-2tzmc0","2026-03-06T00:00:00.000","No",,"Brooklyn Avenue","Brooklyn","11213","308","BK08","3034100","BK0802","40.674788","-73.944409","6.14","POINT (-73.944409 40.674788)"
"BK - Saratoga Ave/Bainbridge St","BK-saratoga-ave-bainbridge-st-2tzmxo","2026-03-06T00:00:00.000","No",,"Saratoga Avenue","Brooklyn","11233","303","BK03","3037700","BK0302","40.682639","-73.917221","7.44","POINT (-73.917221 40.682639)"
"BK - Dumont Ave/Hendrix St","BK-dumont-ave-hendrix-st-215zzc","2024-08-23T00:00:00.000","No",,"Dumont Avenue","Brooklyn","11207","305","BK05","3112400","BK0503","40.667195","-73.888024","11.42","POINT (-73.888024 40.667195)"
"Q - 44th Ave/11th St","Q-44th-ave-111th-st-2t7sfo","2026-02-19T00:00:00.000","No",,"111th Street","Queens","11368","404","QN04","4039901","QN0402","40.749077","-73.854391","8.19","POINT (-73.854391 40.749077)"
"Q - 24th Rd/160th St","Q-160th-st-24th-rd-2t7t4o","2026-02-19T00:00:00.000","No",,"24th Road","Queens","11357","407","QN07","4105900","QN0704","40.775542","-73.803981","11.18","POINT (-73.803981 40.775542)"
"BK - Junius St/Sutter Ave","BK-junius-st-sutter-ave-1dnf80","2023-05-24T00:00:00.000","No",,"Junius Street","Brooklyn","11212","316","BK16","3090800","BK1602","40.668742","-73.902658","13.43","POINT (-73.902658 40.668742)"
"BX - Metropolitan Ave/Linden Dr","BX-metropolitan-ave-linden-dr-2lnmzc","2025-09-25T00:00:00.000","No",,"Metropolitan Avenue","Bronx","10462","209","BX09","2021001","BX0904","40.840601","-73.855459","8.78","POINT (-73.855459 40.840601)"
"Q - 147 Drive/ 259 St","Q-147-drive-259-st-1f5ig0","2023-06-22T00:00:00.000","Yes","2023-07-27T00:00:00.000","147th Drive","Queens","11422","413","QN13","4065600","QN1307","40.65572","-73.729558","5.39","POINT (-73.729558 40.65572)"
"M - E 122nd St/3rd","M-e-122nd-st-3rd-1yjns0","2022-11-13T00:00:00.000","No",,"3rd Avenue","Manhattan","10035","111","MN11","1019600","MN1102","40.801601","-73.937485","15.39","POINT (-73.937485 40.801601)"
"BX - Waters Pl/ Fink Ave","BX-roberts-ave-waters-pl-2921jc","2025-01-23T00:00:00.000","No",,"Waters Place","Bronx","10461","211","BX11","2028400","BX1161","40.843944","-73.839728","8.82","POINT (-73.839728 40.843944)"
"BK - Dean St/Utica Ave","BK-dean-st-utica-ave-215zzc","2024-08-23T00:00:00.000","No",,"Utica Avenue","Brooklyn","11233","308","BK08","3030700","BK0802","40.675495","-73.930394","5.28","POINT (-73.930394 40.675495)"
"SI - Targee St/Waverly Pl","SI-waverly-pl-targee-st-2agano","2025-02-19T00:00:00.000","No",,"Targee Street","Staten Island","10304","501","SI01","5002900","SI0102","40.618275","-74.084857","11.1","POINT (-74.084857 40.618275)"
"BX - E 175th St/Webster Ave","BX-e-175th-st-webster-ave-2lnmh0","2025-09-25T00:00:00.000","No",,"East 175th Street","Bronx","10457","205","BX05","2023100","BX0502","40.84574","-73.90224","7.83","POINT (-73.90224 40.84574)"
"BK - Jefferson Ave/ Marcus Garvey Blvd","BK-jefferson-ave-marcus-garvey-blvd-2mfc90","2025-10-10T00:00:00.000","No",,"Jefferson Avenue","Brooklyn","11221","303","BK03","3027500","BK0302","40.68469","-73.93822","9.41","POINT (-73.93822 40.68469)"
"Q - Mowbray Dr/Austin St","Q-mowbray-dr-austin-st-21vxbc","2024-09-06T00:00:00.000","No",,"Austin Street","Queens","11415","409","QN09","4077500","QN0901","40.709929","-73.83033","6.22","POINT (-73.83033 40.709929)"
"Q - 96th St/55th Ave","Q-97th-pl-christie-ave-20q200","2024-08-14T00:00:00.000","No","2024-10-14T00:00:00.000","96th Street","Queens","11368","404","QN04","4044302","QN0402","40.738401","-73.865495","50.16","POINT (-73.865495 40.738401)"
"BX - Harrod Pl/Morrison Ave","BX-morrison-ave-harrod-pl-1vpqc0","2024-05-09T00:00:00.000","No",,"Morrison Avenue","Bronx","10472","209","BX09","2004800","BX0901","40.828874","-73.874293","3.35","POINT (-73.874293 40.828874)"
"BX - E 208th St/Bainbridge Ave","BX-e-208th-st-bainbridge-ave-2calqo","2025-03-27T00:00:00.000","No",,"Bainbridge Avenue","Bronx","10467","207","BX07","2041900","BX0703","40.87781","-73.87977","15.51","POINT (-73.87977 40.87781)"
"SI - Jewett Ave/Castleton Ave","SI-jewett-ave-castleton-ave-0xwr80","2022-07-22T00:00:00.000","No",,"Jewett Avenue","Staten Island","10302","501","SI01","5013302","SI0106","40.633346","-74.129583","9.25","POINT (-74.129583 40.633346)"
"Q - Hendrickson Pl/166th St","Q-hendrickson-pl-166th-st-1x5fg0","2024-06-06T00:00:00.000","No",,"Hendrickson Place","Queens","11433","412","QN12","4025402","QN1202","40.698449","-73.788862","11.73","POINT (-73.788862 40.698449)"
"BK - 19th Ave/77th St","BK-19th-ave-77th-st-20cdbc","2024-08-07T00:00:00.000","No",,"19th Avenue","Brooklyn","11214","311","BK11","3027400","BK1101","40.610849","-73.995451","32.68","POINT (-73.995451 40.610849)"
"BX - Home St/Intervale Av","BX-home-st-intervale-av-0pmrg0","2022-02-11T00:00:00.000","No",,"Intervale Avenue","Bronx","10459","203","BX03","2012500","BX0303","40.828263","-73.895037","18.74","POINT (-73.895037 40.828263)"
"Q - 188th St/ 58th Ave","Q-188th-st-58th-ave-1zbc0d","2025-09-11T00:00:00.000","No",,"58th Avenue","Queens","11365","411","QN11","4141700","QN1101","40.742676","-73.787458","5.67","POINT (-73.787458 40.742676)"
"BX - Duncan St/Paulding Ave","BX-paulding-ave-duncan-st-2caow0","2025-03-27T00:00:00.000","No",,"Duncan Street","Bronx","10469","212","BX12","2037000","BX1201","40.872997","-73.858546","16.34","POINT (-73.858546 40.872997)"
"Q - 30th Pl/ 47th Ave","Q-30th-pl-47th-ave-1x5co0","2024-06-06T00:00:00.000","No",,"30th Place","Queens","11101","402","QN02","4019902","QN0202","40.74307","-73.936655","8.03","POINT (-73.936655 40.74307)"
"Q - Church Rd/E 7th Rd","Q-church-rd-e-7th-rd-1zdtxo","2024-07-19T00:00:00.000","Yes","2025-08-21T00:00:00.000","East 7th Road","Queens","11693","414","QN14","4107201","QN1403","40.608545","-73.818352","11.14","POINT (-73.818352 40.608545)"
"Q - 160th St/107th Ave","Q-160th-st-107th-ave-1jtyc0","2023-09-21T00:00:00.000","No",,"160th Street","Queens","11433","412","QN12","4025402","QN1202","40.69737","-73.794579","9.49","POINT (-73.794579 40.69737)"
"Q - Russell St 1","Q-russell-st-1-07zqc0","2021-03-05T00:00:00.000","Yes",,"Russell Street","Queens","11414","410","QN10","4088400","QN1003","40.654312","-73.831566","6.1","POINT (-73.831566 40.654312)"
"Q - 37th Rd/Woodside Ave","Q-woodside-ave-37th-rd-1veb80","2024-05-03T00:00:00.000","No",,"37th Road","Queens","11377","402","QN02","4025500","QN0203","40.751047","-73.909431","12.36","POINT (-73.909431 40.751047)"
"BK - Linwood St/Wortman Ave","BK-linwood-st-wortman-ave-215zzc","2024-08-23T00:00:00.000","No",,"Wortman Avenue","Brooklyn","11208","305","BK05","3107800","BK0503","40.660735","-73.876004","11.26","POINT (-73.876004 40.660735)"
"BK - Clarendon Rd/E 56th St","BK-clarendon-rd-e-56th-st-20rvvo","2024-08-15T00:00:00.000","No",,"East 56th Street","Brooklyn","11203","317","BK17","3094600","BK1703","40.645056","-73.923793","12.01","POINT (-73.923793 40.645056)"
"BK - Henry St/Mill St","BK-henry-st-mill-st-0pzq40","2022-02-18T00:00:00.000","No",,"Henry Street","Brooklyn","11231","306","BK06","3008500","BK0601","40.675734","-74.003396","7.8","POINT (-74.003396 40.675734)"
"M - E 117th St/1st Ave","M-e-117th-st-1st-ave-1yji80","2024-07-03T00:00:00.000","No",,"1st Avenue","Manhattan","10035","111","MN11","1018800","MN1102","40.796533","-73.935178","13.82","POINT (-73.935178 40.796533)"
"Q - 44th Dr / Jackson Ave","Q-44th-dr-jackson-ave-2k9oqo","2025-08-29T00:00:00.000","No",,"44th Drive","Queens","11101","402","QN02","4001902","QN0201","40.74718","-73.94253","2.4","POINT (-73.94253 40.74718)"
"BK - Logan St/Etna St","BK-logan-st-etna-st-2bkxrc","2025-03-13T00:00:00.000","No",,"Etna Street","Brooklyn","11208","305","BK05","3117601","BK0501","40.685682","-73.878689","8.03","POINT (-73.878689 40.685682)"
"Q - Saint James Ave/Broadway","Q-saint-james-ave-broadway-214qw0","2024-08-22T00:00:00.000","No",,"Broadway","Queens","11373","404","QN04","4047100","QN0401","40.740064","-73.878522","11.54","POINT (-73.878522 40.740064)"
"Q - 1st St/104th St","Q-1st-st-104th-st-1a5t00","2023-03-17T00:00:00.000","Yes",,"1st Street","Queens","11414","410","QN10","4088400","QN1003","40.655908","-73.828642","11.89","POINT (-73.828642 40.655908)"
"BK - Flatlands Ave/E 80th St","BK-flatlands-ave-e-80th-st-1umm00","2024-04-18T00:00:00.000","No",,"Flatlands Avenue","Brooklyn","11236","318","BK18","3095000","BK1803","40.635483","-73.913574","8.5","POINT (-73.913574 40.635483)"
"BK - 4th Av/Garfield Pl","BK-4th-av-garfield-pl-0erv80","2021-07-15T00:00:00.000","No",,"4th Avenue","Brooklyn","11215","306","BK06","3013300","BK0602","40.675855","-73.983944","11.26","POINT (-73.983944 40.675855)"
"BX - Wilson Ave/E 214th St","BX-wilson-ave-e-214th-st-2cap4c","2025-03-27T00:00:00.000","No",,"Wilson Avenue","Bronx","10469","212","BX12","2038600","BX1202","40.87613","-73.85103","7.83","POINT (-73.85103 40.87613)"
"M - Dyckman St/Payson Ave","M-dyckman-st-payson-ave-1yht40","2024-07-02T00:00:00.000","No",,"Dyckman Street, West 200th Street","Manhattan","10034","112","MN12","1028700","MN1202","40.866835","-73.928972","17.28","POINT (-73.928972 40.866835)"
"BK - Atlantic Ave/ Fort Greene Pl","BK-fort-greene-pl-atlantic-ave-2rrw0c","2026-01-22T00:00:00.000","No",,"Fort Greene Place, 5th Avenue","Brooklyn","11217","302","BK02","3003500","BK0203","40.68357","-73.97563","6.61","POINT (-73.97563 40.68357)"
"BX - Webster Ave/Mosholu Pkwy S","BX-e-mosholu-parkway-south-webster-ave-2calz0","2025-03-27T00:00:00.000","No",,"East Mosholu Parkway South","Bronx","10458","207","BX07","2041500","BX0702","40.86869","-73.88155","11.61","POINT (-73.88155 40.86869)"
"BK - Ditmas Ave/Westminster Rd","BK-ditmas-ave-westminster-rd-1lbfc0","2023-10-20T00:00:00.000","No",,"Westminster Road, East 12th Street","Brooklyn","11218","314","BK14","3052600","BK1402","40.63563","-73.96627","12.36","POINT (-73.96627 40.63563)"
"SI - Myrtle Ave / N Burgher Ave","SI-n-burgher-ave-myrtle-ave-2agbmo","2025-02-19T00:00:00.000","No",,"Myrtle Avenue","Staten Island","10310","501","SI01","5010500","SI0104","40.630218","-74.113455","9.13","POINT (-74.113455 40.630218)"
"BX - Edgewater Rd/Seneca Ave","BX-edgewater-rd-seneca-ave-214yhc","2024-08-22T00:00:00.000","No",,"Edgewater Road","Bronx","10474","202","BX02","2011502","BX0201","40.819327","-73.88379","10.55","POINT (-73.88379 40.819327)"
"BK - Humboldt St / Norman Ave","BK-humboldt-st-norman-ave-2k9nco","2025-08-29T00:00:00.000","No",,"Humboldt Street","Brooklyn","11222","301","BK01","3057300","BK0101","40.727447","-73.945762","7.83","POINT (-73.945762 40.727447)"
"M - Nagle Ave/Dyckman St","M-nagle-ave-dyckman-st-1yhf80","2024-07-02T00:00:00.000","No",,"Dyckman Street, West 200th Street","Manhattan","10040","112","MN12","1028500","MN1202","40.861746","-73.924982","12.83","POINT (-73.924982 40.861746)"
"Q - 71st Ave/75th St","Q-71st-ave-75th-st-1vcro0","2024-05-02T00:00:00.000","No",,"75th Street","Queens","11379","405","QN05","4061900","QN0504","40.707006","-73.875512","5.98","POINT (-73.875512 40.707006)"
"BK - Whitty Ln/E 56th St","BK-whitty-ln-e-56th-st-20rvlo","2024-08-15T00:00:00.000","No","2024-12-20T00:00:00.000","East 56th Street","Brooklyn","11203","317","BK17","3094600","BK1703","40.641079","-73.923355","16.06","POINT (-73.923355 40.641079)"
"Q - 164 Pl/109th Ave","Q-164-pl-109th-ave-1jtn80","2023-09-21T00:00:00.000","No",,"164th Place","Queens","11433","412","QN12","4025800","QN1202","40.695632","-73.788393","24.25","POINT (-73.788393 40.695632)"
"M - E 116th St/FDR Drive","M-e-111th-st-a-new-st-1yjl00","2024-07-03T00:00:00.000","No","2024-12-13T00:00:00.000","East 110th Street","Manhattan","10029","111","MN11","1016200","MN1101","40.792351","-73.936903","59.65","POINT (-73.936903 40.792351)"
"Q - 51st Ave/Jacobus St","Q-51st-ave-jacobus-st-20q7k0","2024-08-14T00:00:00.000","No",,"51st Avenue","Queens","11373","404","QN04","4047900","QN0401","40.736665","-73.887746","10.71","POINT (-73.887746 40.736665)"
"SI - Haven Ave/ Adam Ave","SI-haven-ave-adam-ave-1qijg0","2024-01-29T00:00:00.000","No",,"Adams Avenue","Staten Island","10306","502","SI02","5011201","SI0202","40.579297","-74.098201","7.44","POINT (-74.098201 40.579297)"
"M - W 29th St/12th Ave","M-12th-ave-w-29th-st-2nvb9o","2025-11-07T00:00:00.000","No",,"West 29th Street","Manhattan","10018","104","MN04","1009902","MN0401","40.753704","-74.006925","6.61","POINT (-74.006925 40.753704)"
"SI - Catherine Ct/Jewett Ave","SI-catherine-ct-jewett-ave-1wu5w0","2024-05-31T00:00:00.000","No",,"Jewett Avenue","Staten Island","10302","501","SI01","5013302","SI0106","40.631311","-74.130524","29.53","POINT (-74.130524 40.631311)"
"Q - 31st Ave/ 32nd St","Q-31st-ave-32nd-st-2ausk0","2025-02-27T00:00:00.000","No",,"31st Avenue","Queens","11106","401","QN01","4006100","QN0103","40.763964","-73.922841","8.27","POINT (-73.922841 40.763964)"
"BX - Ditmars St/Hunter Ave 1","BX-ditmars-st-hunter-ave-1hczk0","2023-08-04T00:00:00.000","Yes","2023-10-12T00:00:00.000","Ditmars Street","Bronx","10464","210","BX10","2051601","BX1003","40.849405","-73.789165","11.77","POINT (-73.789165 40.849405)"
"BX - 1st St/Avenue A","BX-1st-st-avenue-a-1zby90","2024-07-18T00:00:00.000","No",,"Avenue A","Bronx","10474","202","BX02","2011702","BX0201","40.812851","-73.881043","3.62","POINT (-73.881043 40.812851)"
"M - Broadway/W 157th St","M-w-157th-ave-broadway-1vr9w0","2024-05-10T00:00:00.000","No",,"West 157th Street","Manhattan","10032","112","MN12","1024100","MN1201","40.834239","-73.945121","11.14","POINT (-73.945121 40.834239)"
"BX - Morris Ave/E 170th St","BX-morris-ave-e-170th-st-214qm0","2024-08-22T00:00:00.000","No","2025-10-24T00:00:00.000","Morris Avenue","Bronx","10456","204","BX04","2017702","BX0403","40.837699","-73.911451","9.72","POINT (-73.911451 40.837699)"
"Q - Beach Channel Dr/Beach 48th St","Q-beach-channel-dr-beach-48th-st-1zdub0","2024-07-19T00:00:00.000","Yes",,"Beach 48th Street","Queens","11691","414","QN14","4097204","QN1402","40.595001","-73.779035","7.83","POINT (-73.779035 40.595001)"
"Q - Beach Channel Dr/Beach 38th St","Q-beach-channel-dr-beach-38th-st-1zduho","2024-07-19T00:00:00.000","Yes",,"Beach 38th Street","Queens","11691","414","QN14","4099200","QN1401","40.595733","-73.770498","6.5","POINT (-73.770498 40.595733)"
"BK -  Farragut Rd/ Rockaway Pkwy","BK-farragut-rd-rockaway-pkwy-1umj80","2024-04-18T00:00:00.000","No",,"Farragut Road","Brooklyn","11236","318","BK18","3097000","BK1803","40.646557","-73.904204","16.57","POINT (-73.904204 40.646557)"
"Q - 231st St/ 148th Ave","Q-231st-st-148th-ave-1edkw0","2023-06-07T00:00:00.000","Yes",,"148th Avenue","Queens","11413","413","QN13","4069400","QN1306","40.655678","-73.751291","6.73","POINT (-73.751291 40.655678)"
"BK - Marcy Ave/Flushing Ave","BK-marcy-ave-flushing-ave-19qzo0","2023-03-09T00:00:00.000","No","2024-12-19T00:00:00.000","Marcy Avenue","Brooklyn","11206","301","BK03","3025500","BK0301","40.699283","-73.950083","4.8","POINT (-73.950083 40.699283)"
"BK - Jewel St/ Greenpoint Ave","BK-newel-st-greenpoint-ave-2k9o50","2025-08-29T00:00:00.000","No",,"Jewel Street","Brooklyn","11222","301","BK01","3057902","BK0101","40.73051","-73.94872","11.69","POINT (-73.94872 40.73051)"
"Q - 83rd Pl/Penelope Ave","Q-penelope-ave-83rd-pl-1vcug0","2024-05-02T00:00:00.000","No",,"83rd Place","Queens","11379","405","QN05","4066301","QN0504","40.721347","-73.870753","5.08","POINT (-73.870753 40.721347)"
"BK - Farragut Rd/Rogers Ave","BK-farragut-rd-rogers-ave-20rv00","2024-08-15T00:00:00.000","No",,"Farragut Road","Brooklyn","11210","314","BK14","3078801","BK1401","40.636159","-73.950699","2.64","POINT (-73.950699 40.636159)"
"Q - 30th Ave/89th St","Q-30th-ave-89th-st-1pmzc0","2024-01-12T00:00:00.000","No",,"30th Avenue","Queens","11369","403","QN03","4033900","QN0301","40.761834","-73.879978","19.33","POINT (-73.879978 40.761834)"
"SI - Laredo Ave/Pompey Ave","SI-pompey-ave-laredo-ave-2msi00","2025-10-17T00:00:00.000","No",,"Laredo Avenue","Staten Island","10312","503","SI03","5017011","SI0302","40.549207","-74.172037","8.9","POINT (-74.172037 40.549207)"
"BK - Avenue P/E 9th St","BK-avenue-p-e-9th-st-20rub0","2024-08-15T00:00:00.000","No",,"Avenue P","Brooklyn","11223","312","BK12","3044200","BK1204","40.609813","-73.964606","9.96","POINT (-73.964606 40.609813)"
"BX - Dewey Ave/ Balcom Ave","BX-balcom-ave-dewey-ave-2n5dw0","2025-10-24T00:00:00.000","No",,"Dewey Avenue","Bronx","10465","210","BX10","2014400","BX1002","40.82035","-73.82525","11.65","POINT (-73.82525 40.82035)"
"SI - Bedford Ave/Kiswick St","SI-bedford-ave-kiswick-st-1j3pw0","2023-09-07T00:00:00.000","Yes",,"Bedford Avenue","Staten Island","10306","502","SI02","5011203","SI0202","40.575318","-74.095266","9.13","POINT (-74.095266 40.575318)"
"BX - Brady Ave/ Muliner Ave","BX-brady-ave-muliner-ave-2917g0","2025-01-23T00:00:00.000","No",,"Muliner Avenue","Bronx","10462","211","BX11","2024600","BX1102","40.852026","-73.86201","3.7","POINT (-73.86201 40.852026)"
"Q - 59th Ave/175th St","Q-59th-ave-175th-st-21u2nc","2024-09-05T00:00:00.000","No",,"175th Street","Queens","11365","411","QN11","4141700","QN1101","40.740155","-73.795243","9.72","POINT (-73.795243 40.740155)"
"BK - Kent Ave/Wallabout St","BK-kent-ave-wallabout-st-19r2g0","2023-03-09T00:00:00.000","No",,"Kent Avenue","Brooklyn","11249","301","BK01","3053700","BK0103","40.699336","-73.960584","10.31","POINT (-73.960584 40.699336)"
"BK - Newel Ave/ Meserole St","BK-meserole-ave-newel-st-2if0k0","2025-07-24T00:00:00.000","No",,"Newel Street, Newell Street","Brooklyn","11222","301","BK01","3057300","BK0101","40.728355","-73.94935","10.2","POINT (-73.94935 40.728355)"
"Q - 161st Ave/99th St","Q-161st-ave-99th-st-1a5q80","2023-03-17T00:00:00.000","Yes",,"161st Avenue, Grimm Avenue","Queens","11414","410","QN10","4088400","QN1003","40.656567","-73.833553","18.15","POINT (-73.833553 40.656567)"
"BK - Oceanview Ave/Ocean View Ave","BK-oceanview-ave-ocean-view-ave-20cdbc","2024-08-07T00:00:00.000","No","2024-10-31T00:00:00.000","Oceanview Avenue, Ocean View Avenue","Brooklyn","11235","313","BK13","3036200","BK1303","40.579007","-73.964718","0","POINT (-73.964718 40.579007)"
"BX - White Plains Rd/Story Ave","BX-white-plains-rd-story-ave-1zbxz0","2024-07-18T00:00:00.000","No",,"Story Avenue","Bronx","10473","209","BX09","2004200","BX0902","40.824326","-73.858637","16.34","POINT (-73.858637 40.824326)"
"BK - Marion St/Howard Ave","BK-marion-st-howard-ave-215zzc","2024-08-23T00:00:00.000","No",,"Marion Street","Brooklyn","11233","303","BK03","3037900","BK0302","40.680855","-73.91946","8.78","POINT (-73.91946 40.680855)"
"BK - Rockaway Pkwy/ Clarkson Ave","BK-rockaway-pkwy-clarkson-ave-1dni00","2023-05-24T00:00:00.000","No",,"Rockaway Parkway","Brooklyn","11212","317","BK17","3089200","BK1704","40.661108","-73.919957","21.14","POINT (-73.919957 40.661108)"
"Q - Woodhull Ave/ 193rd St","Q-woodhull-ave-193rd-st-2msf80","2025-10-17T00:00:00.000","No",,"193rd Street","Queens","11423","412","QN12","4050000","QN1206","40.71099","-73.76662","9.53","POINT (-73.76662 40.71099)"
"SI - Minthorne St/ Victory Blvd","SI-bay-st-minthorne-st-2agb10","2025-02-19T00:00:00.000","No",,"Minthorne Street","Staten Island","10301","501","SI01","5002100","SI0102","40.637624","-74.07525","7.8","POINT (-74.07525 40.637624)"
"Q - 147th Ave/Springfield Ln","Q-147th-ave-springfield-ln-20pvio","2024-08-14T00:00:00.000","No",,"Springfield Lane","Queens","11413","413","QN13","4032000","QN1306","40.659535","-73.759907","12.83","POINT (-73.759907 40.659535)"
"M - E 79th St/ Park Ave","M-e-79th-st-park-ave-2ausk0","2025-02-27T00:00:00.000","No",,"East 79th Street","Manhattan","10075","108","MN08","1014200","MN0802","40.776","-73.96116","6.65","POINT (-73.96116 40.776)"
"M - Park Ave/ Tito Puente Wy","M-park-ave-tito-puente-wy-1yjco0","2024-07-03T00:00:00.000","No",,"East 110th Street","Manhattan","10029","111","MN11","1017402","MN1101","40.795714","-73.946467","14.88","POINT (-73.946467 40.795714)"
"BX - Furman Ave/ E240th St","BX-e-240th-st-furman-ave-2n5dw0","2025-10-24T00:00:00.000","No",,"Furman Avenue","Bronx","10470","212","BX12","2043400","BX1203","40.90155","-73.85064","8.62","POINT (-73.85064 40.90155)"
"BK - Wythe Ave/Wallabout St","BK-wythe-ave-wallabout-st-19qzo0","2023-03-09T00:00:00.000","No",,"Wythe Avenue","Brooklyn","11249","301","BK01","3053700","BK0103","40.699542","-73.958983","5.63","POINT (-73.958983 40.699542)"
"SI - Snug Harbor Rd / Kissel Ave","SI-kissel-ave-snug-harbor-rd-2agb9c","2025-02-19T00:00:00.000","No",,"Snug Harbor Road","Staten Island","10310","501","SI01","5009702","SI0191","40.644221","-74.106407","5.67","POINT (-74.106407 40.644221)"
"BK - Walton St/Marcy Ave","BK-walton-st-marcy-ave-19qww0","2023-03-09T00:00:00.000","No",,"Walton Street","Brooklyn","11206","301","BK01","3053102","BK0103","40.700821","-73.951335","10.91","POINT (-73.951335 40.700821)"
"BX - Barnes Ave/Bruner Ave","BX-bruner-ave-barnes-ave-1vpi00","2024-05-09T00:00:00.000","No","2025-10-24T00:00:00.000","Bruner Avenue","Bronx","10466","212","BX12","2043600","BX1203","40.899255","-73.849858","8.62","POINT (-73.849858 40.899255)"
"BK - Fulton St/ Malcom X Blvd","BK-malcolm-x-blvd-fulton-st-2mfbf0","2025-10-10T00:00:00.000","No",,"Fulton Street","Brooklyn","11233","303","BK03","3038100","BK0302","40.6793","-73.92834","6.38","POINT (-73.92834 40.6793)"
"BK - 41st St/2nd Ave","BK-2nd-ave-41st-st-20cdbc","2024-08-07T00:00:00.000","No",,"41st Street","Brooklyn","11232","307","BK07","3000200","BK0702","40.654176","-74.011831","13.58","POINT (-74.011831 40.654176)"
"Q - 177th St/147th Ave","Q-177th-st-147th-ave-20pvr0","2024-08-14T00:00:00.000","No",,"177th Street","Queens","11434","413","QN13","4032000","QN1306","40.660523","-73.768886","14.65","POINT (-73.768886 40.660523)"
"M - W 125th St/12th Ave","M-w-125th-st-12th-ave-1yji80","2024-07-03T00:00:00.000","No",,"West 130th Street","Manhattan","10027","109","MN09","1021900","MN0902","40.818058","-73.959927","23.9","POINT (-73.959927 40.818058)"
"SI - McLaughlin St/Agnes Pl","SI-mclaughlin-st-agnes-pl-1aigk0","2023-03-24T00:00:00.000","Yes",,"McLaughlin Street","Staten Island","10305","502","SI02","5007002","SI0201","40.589132","-74.072692","16.69","POINT (-74.072692 40.589132)"
"BX - Cross St/Minnieford Ave","BX-cross-st-minnieford-ave-1kwos0","2023-10-12T00:00:00.000","Yes",,"Minnieford Avenue","Bronx","10464","210","BX10","2051601","BX1003","40.853159","-73.788843","7.2","POINT (-73.788843 40.853159)"
"BX - E 165th St/Teller Ave","BX-e-165th-st-teller-ave-214ty0","2024-08-22T00:00:00.000","No",,"East 165th Street","Bronx","10456","204","BX04","2017300","BX0401","40.828463","-73.914039","8.5","POINT (-73.914039 40.828463)"
"BK - E 17th St/Elm Ave","BK-elm-ave-e-17th-st-2lawnc","2025-09-18T00:00:00.000","No",,"East 17th Street","Brooklyn","11230","314","BK14","3076800","BK1403","40.618491","-73.958259","9.72","POINT (-73.958259 40.618491)"
"BK - E 57th St/Snyder Ave","BK-e-57th-st-snyder-ave-20rw0o","2024-08-15T00:00:00.000","No",,"Snyder Avenue","Brooklyn","11203","317","BK17","3093600","BK1703","40.650585","-73.923201","20.43","POINT (-73.923201 40.650585)"
"Q - Maurice Ave/Queens Midtown Expressway","Q-maurice-ave-queens-midtown-expy-1vejk0","2024-05-03T00:00:00.000","No",,"Queens Midtown Expressway, Borden Avenue","Queens","11378","405","QN05","4051100","QN0501","40.727627","-73.90663","11.3","POINT (-73.90663 40.727627)"
"BX - Cedar Ave/W 179th St","BX-w-179th-st-cedar-ave-1vpt40","2024-05-09T00:00:00.000","No",,"Cedar Avenue","Bronx","10453","205","BX05","2024700","BX0501","40.855564","-73.917483","2.87","POINT (-73.917483 40.855564)"
"BX - Bronxdale Ave/ Poplar St","BX-bronxdale-ave-poplar-st-291z80","2025-01-23T00:00:00.000","No",,"Bronxdale Avenue","Bronx","10462","211","BX11","2023800","BX1101","40.84272","-73.85472","5.98","POINT (-73.85472 40.84272)"
"Q - Hillside Ave/127th St","Q-hillside-ave-127th-st-21vxbc","2024-09-06T00:00:00.000","No",,"127th Street","Queens","11418","409","QN09","4014201","QN0902","40.703141","-73.824329","9.25","POINT (-73.824329 40.703141)"
"Q - Holly Ave/Union St","Q-holly-ave-union-st-1vcow0","2024-05-02T00:00:00.000","No",,"Holly Avenue, 46th Avenue","Queens","11355","407","QN07","4120500","QN0705","40.751463","-73.817921","3.58","POINT (-73.817921 40.751463)"
"SI - Quincy Ave/Iona St","SI-quincy-ave-iona-st-1deh00","2023-05-19T00:00:00.000","Yes",,"Quincy Avenue, Comanche Avenue","Staten Island","10305","502","SI02","5011201","SI0202","40.576402","-74.084275","3.7","POINT (-74.084275 40.576402)"
"Q - 48th St / 47th Ave","Q-48th-st-47th-ave-2k9p90","2025-08-29T00:00:00.000","No",,"47th Avenue","Queens","11377","402","QN02","4023502","QN0202","40.740978","-73.917136","2.8","POINT (-73.917136 40.740978)"
"BK - Troy Ave/Farragut Rd","BK-troy-ave-farragut-rd-20rv6o","2024-08-15T00:00:00.000","No",,"Farragut Road","Brooklyn","11203","317","BK17","3083600","BK1702","40.637051","-73.934856","8.5","POINT (-73.934856 40.637051)"
"Q - Beach 84 St","Q-beach-84-st-0me680","2021-12-10T00:00:00.000","Yes",,"Beach 84th Street","Queens","11693","414","QN14","4094202","QN1402","40.59136","-73.80996","8.27","POINT (-73.80996 40.59136)"
"Q - 85th St/91st Ave","Q-85th-st-91st-ave-1zbc0d","2025-03-13T00:00:00.000","No",,"85th Street","Queens","11421","409","QN09","4000800","QN0905","40.687854","-73.857288","15.75","POINT (-73.857288 40.687854)"
"BX - River Ave / E 153rd St","BX-e-153rd-st-river-ave-2kksk0","2025-09-04T00:00:00.000","No",,"River Avenue, Cromwell Avenue","Bronx","10451","204","BX04","2006301","BX0401","40.82434","-73.92807","11.89","POINT (-73.92807 40.82434)"
"SI - Lenevar Ave & Drumgoole Rd W","SI-lenevar-ave--drumgoole-rd-w-1wubg0","2024-05-31T00:00:00.000","No",,"Lenevar Avenue","Staten Island","10309","503","SI03","5020803","SI0304","40.531504","-74.206958","8.03","POINT (-74.206958 40.531504)"
"Q - 48th Ave/108th St","Q-48th-ave-108th-st-20pto0","2024-08-14T00:00:00.000","No",,"108th Street","Queens","11368","404","QN04","4041500","QN0402","40.746128","-73.856278","54.49","POINT (-73.856278 40.746128)"
"Q - 149th Ave/ Brookville Blvd","Q-149th-ave-brookville-blvd-1f54k0","2023-06-22T00:00:00.000","Yes","2025-08-21T00:00:00.000","149th Avenue","Queens","11422","413","QN13","4069400","QN1306","40.65259","-73.746435","15.24","POINT (-73.746435 40.65259)"
"SI - Chapin Ave/Dalemere Rd","SI-chapin-ave-dalemere-rd-1uzko0","2024-04-25T00:00:00.000","No",,"Chapin Avenue","Staten Island","10304","502","SI02","5017701","SI0203","40.597499","-74.101773","4.33","POINT (-74.101773 40.597499)"
"BX - Boynton Ave/Lafayette Ave","BX-boynton-ave-lafayette-ave-1zby7c","2024-07-18T00:00:00.000","No",,"Lafayette Avenue","Bronx","10473","209","BX09","2002800","BX0901","40.819703","-73.876275","9.37","POINT (-73.876275 40.819703)"
"SI - Sweetbrook Rd & Ridgewood Ave","SI-sweetbrook-rd--ridgewood-ave-1wue80","2024-05-31T00:00:00.000","No",,"Leverett Avenue","Staten Island","10312","503","SI03","5014607","SI0302","40.555541","-74.164706","50.51","POINT (-74.164706 40.555541)"
"BK - Ocean Pkwy/Avenue W","BK-ocean-pkwy-avenue-w-20rtno","2024-08-15T00:00:00.000","No",,"Ocean Parkway, Ocean Parkway Service Road","Brooklyn","11223","315","BK15","3039000","BK1501","40.593196","-73.96431","5.98","POINT (-73.96431 40.593196)"
"BX - Tibbett Ave/W 234th St","BX-w-234th-st-tibbett-ave-2cakho","2025-03-27T00:00:00.000","No",,"Tibbett Avenue","Bronx","10463","208","BX08","2028700","BX0802","40.88326","-73.90585","4.09","POINT (-73.90585 40.88326)"
"SI - Rector St/Richmond Terr","SI-rector-st-richmond-terr-1aijc0","2023-03-24T00:00:00.000","Yes",,"Rector Street","Staten Island","10310","501","SI01","5013302","SI0106","40.637113","-74.127786","9.02","POINT (-74.127786 40.637113)"
"BK - Blake Ave/Strauss St","BK-blake-ave-strauss-st-1dnks0","2023-05-24T00:00:00.000","No",,"Blake Avenue","Brooklyn","11212","316","BK16","3090200","BK1602","40.664865","-73.915238","10.67","POINT (-73.915238 40.664865)"
"Q - Huxley St/ Craft Ave","Q-craft-ave-huxley-st-2ol8k0","2025-11-21T00:00:00.000","No",,"Craft Avenue","Queens","11422","413","QN13","4066403","QN1307","40.64969","-73.73694","8.62","POINT (-73.73694 40.64969)"
"BK - E 45th St/ Rutland Rd","BK-e-45th-st-rutland-rd-1dnf80","2023-05-24T00:00:00.000","No",,"East 45th Street","Brooklyn","11203","309","BK09","3087600","BK0902","40.660232","-73.936183","10.31","POINT (-73.936183 40.660232)"
"SI - Grimsby St/ Mapleton Ave","SI-grimsby-st-mapleton-ave-1de5w0","2023-05-19T00:00:00.000","Yes",,"Grimsby Street","Staten Island","10306","502","SI02","5011203","SI0202","40.574836","-74.093448","7.68","POINT (-74.093448 40.574836)"
"Q - 87th St/Astoria Blvd","Q-87th-st-astoria-blvd-1pmwk0","2024-01-12T00:00:00.000","No",,"87th Street","Queens","11369","403","QN03","4032900","QN0302","40.764667","-73.881841","4.92","POINT (-73.881841 40.764667)"
"Q - 108th Ave/159th St","Q-108th-ave-159th-st-1jtss0","2023-09-21T00:00:00.000","No",,"108th Avenue","Queens","11433","412","QN12","4025402","QN1202","40.695384","-73.794011","6.73","POINT (-73.794011 40.695384)"
"Q - Beach 84 St (2)","Q-beach-84th-st-beach-channel-dr-2nf0xc","2025-10-29T00:00:00.000","Yes",,"Beach 84th Street","Queens","11693","414","QN14","4094202","QN1402","40.591699","-73.809929","5.39","POINT (-73.809929 40.591699)"
"Q - 169th St/Underhill Ave","Q-169th-st-underhill-ave-21u2nc","2024-09-05T00:00:00.000","No",,"169th Street","Queens","11365","407","QN07","4120701","QN0705","40.746942","-73.799275","10.2","POINT (-73.799275 40.746942)"
"BX - Virginia Ave/E 177th St","BX-virginia-ave-e-177th-st-1zbxsc","2024-07-18T00:00:00.000","No","2025-10-24T00:00:00.000","East 177th Street","Bronx","10472","209","BX09","2007200","BX0903","40.832581","-73.861014","9.49","POINT (-73.861014 40.832581)"
"Q - 69th Ave/195th Ln","Q-69th-ave-195th-ln-21u2nc","2024-09-05T00:00:00.000","No",,"69th Avenue","Queens","11365","408","QN08","4134702","QN0803","40.736703","-73.778413","9.37","POINT (-73.778413 40.736703)"
"Q - Roosevelt Ave/63rd St","Q-roosevelt-ave-63rd-st-214pvc","2024-08-22T00:00:00.000","No",,"63rd Street","Queens","11377","402","QN02","4026100","QN0203","40.745686","-73.901113","27.36","POINT (-73.901113 40.745686)"
"BX - Broadway/Mosholu Ave","BX-mosholu-ave-broadway-2cal1o","2025-03-27T00:00:00.000","No",,"Broadway, New York 9 A, US Highway 9 South, New York State Route 9A, US-9 North, US Highway 9 North, State Route 9 A, US-9 South","Bronx","10471","226","BX26","2043503","BX2691","40.90418","-73.89626","9.25","POINT (-73.89626 40.90418)"
"SI - Genesee Ave/Richmond Ave","SI-genesee-ave-richmond-ave-20e7zc","2024-08-08T00:00:00.000","No",,"Richmond Avenue","Staten Island","10312","503","SI03","5017012","SI0302","40.552834","-74.168147","19.09","POINT (-74.168147 40.552834)"
"BX - Sampson Ave/ 7th Ave","BX-reynolds-ave-sampson-ave-291vio","2025-01-23T00:00:00.000","No","2025-02-26T00:00:00.000","Sampson Avenue","Bronx","10465","210","BX10","2013800","BX1002","40.823316","-73.810488","2.05","POINT (-73.810488 40.823316)"
"BK - Pioneer St/Conover St","BK-pioneer-st-conover-st-0pzvo0","2022-02-18T00:00:00.000","No",,"Conover Street","Brooklyn","11231","306","BK06","3005301","BK0601","40.679734","-74.012422","16.22","POINT (-74.012422 40.679734)"
"M - Mangin St/Stanton St","M-stanton-st-mangin-st-1vri80","2024-05-10T00:00:00.000","No",,"Stanton Street, A New Street","Manhattan","10002","103","MN03","1001002","MN0302","40.717852","-73.976247","12.01","POINT (-73.976247 40.717852)"
"Q - Beach 42nd St/Beach Channel Dr","Q-beach-42nd-st-beach-channel-dr-1zduec","2024-07-19T00:00:00.000","Yes",,"Beach Channel Drive","Queens","11691","414","QN14","4097206","QN1402","40.595867","-73.773651","10.59","POINT (-73.773651 40.595867)"
"Q - Bell Blvd / Northern Blvd","Q-bell-blvd-northern-blvd-2kxsno","2025-09-11T00:00:00.000","No",,"Northern Boulevard, New York State Route 25A, State Route 25 A, New York 25 A","Queens","11361","411","QN11","4146700","QN1102","40.760432","-73.769284","9.13","POINT (-73.769284 40.760432)"
"Q - 150th St/41st Ave","Q-41st-ave-150th-st-1vcm40","2024-05-02T00:00:00.000","No",,"41st Avenue","Queens","11355","407","QN07","4116700","QN0704","40.762516","-73.813991","10.43","POINT (-73.813991 40.762516)"
"M - W 81st St/ Riverside Dr","M-riverside-dr-w-81st-st-2ausk0","2025-02-27T00:00:00.000","No",,"Riverside Drive","Manhattan","10024","107","MN07","1016700","MN0702","40.786217","-73.981525","10.16","POINT (-73.981525 40.786217)"
"M - Lexington Ave/E 26th St","M-e-26th-st-lexington-ave-2mfdi0","2025-10-10T00:00:00.000","No",,"Lexington Avenue","Manhattan","10010","106","MN06","1006800","MN0602","40.74119","-73.98337","10.24","POINT (-73.98337 40.74119)"
"Q - 235th St/129th Ave","Q-235th-st-129th-ave-20pwg0","2024-08-14T00:00:00.000","No",,"235th Street","Queens","11422","413","QN13","4061601","QN1305","40.680741","-73.732096","9.72","POINT (-73.732096 40.680741)"
"Q - Brookville Blvd/ 149th St","Q-brookville-blvd-149th-ave-1zbc0d","2025-08-21T00:00:00.000","Yes",,"Brookville Boulevard","Queens","11422","413","QN13","4069400","QN1306","40.65265","-73.746437","8.9","POINT (-73.746437 40.65265)"
"Q - 50th Ave/65th Pl","Q-50th-ave-65th-pl-1vemc0","2024-05-03T00:00:00.000","No",,"65th Place","Queens","11377","402","QN02","4024300","QN0203","40.73715","-73.900019","10.35","POINT (-73.900019 40.73715)"
"BK - Utica Ave/Rutland Rd","BK-utica-ave-rutland-rd-215zzc","2024-08-23T00:00:00.000","No",,"Rutland Road","Brooklyn","11203","317","BK17","3088002","BK1703","40.660655","-73.931103","11.02","POINT (-73.931103 40.660655)"
"Q - Davenport Ct 1","Q-davenport-ct-1-07zks0","2021-03-05T00:00:00.000","Yes",,"Davenport Court","Queens","11414","410","QN10","4088400","QN1003","40.653387","-73.830559","6.97","POINT (-73.830559 40.653387)"
"Q - 63rd St/Laurel Hill Blvd","Q-63rd-st-laurel-hill-blvd-214qc0","2024-08-22T00:00:00.000","No",,"63rd Street","Queens","11377","402","QN02","4024300","QN0203","40.738246","-73.902776","10.55","POINT (-73.902776 40.738246)"
"BX - E Gun Hill Rd/ Gunther Ave","BX-allerton-ave-e-gun-hill-rd-2918u0","2025-01-23T00:00:00.000","No",,"East Gun Hill Road","Bronx","10469","212","BX12","2035600","BX1202","40.864261","-73.834248","19.33","POINT (-73.834248 40.864261)"
"Q - 54th Ave / Second St","Q-2nd-st-54th-ave-2k9of0","2025-08-29T00:00:00.000","No",,"2nd Street","Queens","11101","402","QN02","4000101","QN0201","40.740837","-73.959307","7.09","POINT (-73.959307 40.740837)"
"BK - Morgan Ave/Johnson Ave","BK-morgan-ave-johnson-ave-1e4600","2023-06-02T00:00:00.000","No",,"Morgan Avenue","Brooklyn","11237","301","BK01","3048500","BK0104","40.707861","-73.932426","36.97","POINT (-73.932426 40.707861)"
"Q - 102nd St/160th Ave","Q-102nd-st-160th-ave-1a5ng0","2023-03-17T00:00:00.000","Yes",,"102nd Street","Queens","11414","410","QN10","4088400","QN1003","40.658779","-73.831185","11.77","POINT (-73.831185 40.658779)"
"Q - Beach 72nd St/Almeda Ave","Q-beach-72nd-st-almeda-ave-1a5hw0","2023-03-17T00:00:00.000","Yes",,"Beach 72nd Street","Queens","11692","414","QN14","4095400","QN1402","40.596572","-73.800994","15.39","POINT (-73.800994 40.596572)"
"Q - 51st Ave/71st St","Q-51st-ave-71st-st-20qac0","2024-08-14T00:00:00.000","No",,"71st Street","Queens","11377","402","QN02","4048900","QN0203","40.735848","-73.893286","27.36","POINT (-73.893286 40.735848)"
"Q - Brookville Blvd/147 Ave","Q-brookville-blvd-147-ave-1i17s0","2023-08-17T00:00:00.000","Yes",,"147th Avenue","Queens","11422","413","QN13","4066401","QN1307","40.65733","-73.744879","6.61","POINT (-73.744879 40.65733)"
"M - Lexington Ave/E 104th St","M-lexington-ave-e-104th-st-1yjfg0","2024-07-03T00:00:00.000","No",,"East 104th Street","Manhattan","10029","111","MN11","1016600","MN1101","40.791021","-73.947317","8.62","POINT (-73.947317 40.791021)"
"Q - Beach 29th St/Seagirt Ave","Q-beach-29th-st-seagirt-ave-1w2p00","2024-05-16T00:00:00.000","No",,"Beach 29th Street","Queens","11691","414","QN14","4099802","QN1401","40.594737","-73.761827","28.43","POINT (-73.761827 40.594737)"
"BK - Mermaid Ave/W 32th St","BK-mermaid-ave-w-32th-st-1uodw0","2024-04-19T00:00:00.000","No","2024-10-31T00:00:00.000","West 32nd Street","Brooklyn","11224","313","BK13","3034200","BK1302","40.575","-73.998473","0","POINT (-73.998473 40.575)"
"BK - Wallabout St/Harrison Ave","BK-wallabout-st-harrison-ave-19qrc0","2023-03-09T00:00:00.000","No",,"Wallabout Street","Brooklyn","11206","301","BK01","3050700","BK0103","40.701603","-73.948601","12.83","POINT (-73.948601 40.701603)"
"BK - 16th Ave/80th St","BK-16th-ave-80th-st-20cdbc","2024-08-07T00:00:00.000","No",,"80th Street","Brooklyn","11214","311","BK11","3018200","BK1101","40.613281","-74.003602","3.46","POINT (-74.003602 40.613281)"
"BX - Corlear Ave/W 234th St","BX-corlear-ave-w-234th-st-2cak60","2025-03-27T00:00:00.000","No",,"Corlear Avenue","Bronx","10463","208","BX08","2028700","BX0802","40.88297","-73.90494","6.5","POINT (-73.90494 40.88297)"
"Q - 204th St/ 100th Ave","Q-204th-st-100th-ave-2msf80","2025-10-17T00:00:00.000","No",,"204th Street","Queens","11423","412","QN12","4051000","QN1206","40.71147","-73.75595","6.93","POINT (-73.75595 40.71147)"
"SI - Lyon Pl/Devens St","SI-lyon-pl-devens-st-0xwzk0","2022-07-22T00:00:00.000","No",,"Lyon Place","Staten Island","10314","501","SI01","5025100","SI0105","40.619373","-74.147436","16.22","POINT (-74.147436 40.619373)"
"BX - Story Ave/Boynton Ave","BX-story-ave-boynton-ave-1zby0o","2024-07-18T00:00:00.000","No",,"Boynton Avenue","Bronx","10473","209","BX09","2002800","BX0901","40.821901","-73.876581","9.25","POINT (-73.876581 40.821901)"
"Q - Brinkerhoff Ave/157th St","Q-brinkerhoff-ave-157th-st-11czg0","2022-09-27T00:00:00.000","No","2025-09-17T00:00:00.000","110th Avenue, Brinkerhoff Avenue","Queens","11433","412","QN12","4026000","QN1202","40.691989","-73.792461","11.89","POINT (-73.792461 40.691989)"
"Q - Queens Blvd/Broadway","Q-queens-boulevard-broadway-20q4s0","2024-08-14T00:00:00.000","No",,"Queens Boulevard","Queens","11373","404","QN04","4047300","QN0401","40.73671","-73.877074","13.94","POINT (-73.877074 40.73671)"
"Q - Beach 35 St/Beach Channel Dr","Q-beach-35-st-beach-channel-dr-1oeug0","2023-12-19T00:00:00.000","Yes",,"Beach 35th Street","Queens","11691","414","QN14","4099200","QN1401","40.596618","-73.767808","6.97","POINT (-73.767808 40.596618)"
"BK - 2nd Ave/49th St","BK-2nd-ave-49th-st-2l8qvc","2025-09-17T00:00:00.000","No",,"2nd Avenue","Brooklyn","11232","307","BK07","3001803","BK0702","40.649742","-74.01632","5.98","POINT (-74.01632 40.649742)"
"Q - 71st St/31st Ave","Q-71st-st-31st-ave-214p1c","2024-08-22T00:00:00.000","No",,"71st Street","Queens","11370","403","QN03","4030905","QN0301","40.758415","-73.896246","10.83","POINT (-73.896246 40.758415)"
"BK - Hancock St/Marcy Ave","BK-hancock-st-marcy-ave-2mfkg0","2025-10-10T00:00:00.000","No",,"Hancock Street","Brooklyn","11216","303","BK03","3024900","BK0301","40.68294","-73.9469","9.49","POINT (-73.9469 40.68294)"
"M - 10th Ave/ W 211th St","M-10th-ave-w-211th-st-1yhnk0","2024-07-02T00:00:00.000","No",,"West 211th Street","Manhattan","10034","112","MN12","1030300","MN1203","40.867128","-73.917187","11.02","POINT (-73.917187 40.867128)"
"Q - Utopia Pkwy/ 67th Ave","Q-utopia-pkwy-67th-ave-1lmjc0","2023-10-26T00:00:00.000","No",,"Utopia Parkway","Queens","11365","408","QN08","4134100","QN0803","40.734408","-73.79335","7.32","POINT (-73.79335 40.734408)"
"Q - Astoria Park/ 18th St","Q-astoria-park-south-18th-st-2ausk0","2025-02-27T00:00:00.000","No",,"Astoria Park South, Astoria Avenue South","Queens","11102","401","QN01","4009100","QN0102","40.775789","-73.926152","9.41","POINT (-73.926152 40.775789)"
"SI - Ridgewood Ave/Arthur Kill Rd","SI-ridgewood-ave-arthur-kill-rd-20e7zc","2024-08-08T00:00:00.000","Yes",,"Arthur Kill Road","Staten Island","10312","503","SI03","5014607","SI0302","40.560325","-74.166351","8.9","POINT (-74.166351 40.560325)"
"BK - Vanderbilt Ave/Flushing Ave","BK-vanderbilt-ave-flushing-ave-214o0o","2024-08-22T00:00:00.000","No",,"Vanderbilt Avenue","Brooklyn","11205","302","BK02","3021100","BK0203","40.697725","-73.970675","16.1","POINT (-73.970675 40.697725)"
"Q - 183rd St/90th Ave","Q-183rd-st-90th-ave-1lmow0","2023-10-26T00:00:00.000","No",,"90th Avenue","Queens","11423","412","QN12","4047000","QN1201","40.711128","-73.777904","9.49","POINT (-73.777904 40.711128)"
"Q - 175th St/75th Ave","Q-175th-st-75th-ave-21u2nc","2024-09-05T00:00:00.000","No",,"175th Street","Queens","11366","408","QN08","4124700","QN0802","40.728269","-73.794784","8.74","POINT (-73.794784 40.728269)"
"BK - 45th St/5th Ave","BK-5th-ave-45th-st-1umrk0","2024-04-18T00:00:00.000","No","2024-12-20T00:00:00.000","45th Street","Brooklyn","11220","307","BK07","3008000","BK0702","40.648417","-74.008333","29.41","POINT (-74.008333 40.648417)"
"SI - Hylan Blvd/ Jefferson Blvd","SI-hylan-blvd-jefferson-blvd-1nhfo0","2023-12-01T00:00:00.000","Yes",,"Hylan Boulevard","Staten Island","10306","502","SI02","5011201","SI0202","40.581063","-74.098494","11.42","POINT (-74.098494 40.581063)"
"BX - Lincoln Ave / Bruckner Blvd","BX-lincoln-ave-e-132nd-st-2kkxa0","2025-09-04T00:00:00.000","No",,"Lincoln Avenue","Bronx","10454","201","BX01","2001901","BX0101","40.806537","-73.930214","11.54","POINT (-73.930214 40.806537)"
"M - Thompson St/Grand St","M-grand-st-thompson-st-2suz00","2026-02-12T00:00:00.000","No",,"Thompson Street","Manhattan","10013","102","MN02","1004700","MN0201","40.722921","-74.004389","10.12","POINT (-74.004389 40.722921)"
"BK - Knickerbocker Ave/ Hart St","BK-knickerbocker-ave-hart-st-1e48s0","2023-06-02T00:00:00.000","No",,"Knickerbocker Avenue","Brooklyn","11237","304","BK04","3042900","BK0401","40.70142","-73.923109","10.43","POINT (-73.923109 40.70142)"
"Q - 232nd St/147th Ave","Q-147th-st-235th-st-1w2dw0","2024-05-16T00:00:00.000","No","2024-07-25T00:00:00.000","147th Avenue","Queens","11413","413","QN13","4069400","QN1306","40.657485","-73.747802","0","POINT (-73.747802 40.657485)"
"BK - Lawrence Ave/Seton Pl","BK-lawrence-ave-seton-pl-2lawdc","2025-09-18T00:00:00.000","No",,"Lawrence Avenue","Brooklyn","11230","314","BK14","3048000","BK1402","40.630042","-73.974964","10.59","POINT (-73.974964 40.630042)"
"Q - 10th St/ Vernon Blvd","Q-10th-st-vernon-blvd-2ausk0","2025-02-27T00:00:00.000","No",,"10th Street","Queens","11106","401","QN01","4004500","QN0105","40.767149","-73.937288","6.18","POINT (-73.937288 40.767149)"
"BK - Putnam Ave / Franklin Ave","BK-putnam-ave-franklin-ave-2jg3bo","2025-08-13T00:00:00.000","No",,"Putnam Avenue","Brooklyn","11238","303","BK03","3022900","BK0301","40.68345","-73.95605","8.27","POINT (-73.95605 40.68345)"
"M - Hancock Pl/Morningside Ave","M-hancock-pl-morningside-ave-1yjfg0","2024-07-03T00:00:00.000","No",,"Morningside Avenue","Manhattan","10027","109","MN09","1020901","MN0901","40.810956","-73.954405","9.61","POINT (-73.954405 40.810956)"
"BK - Coney Island Ave/Caton Ave","BK-coney-island-ave-caton-ave-2lavtc","2025-09-18T00:00:00.000","No",,"Coney Island Avenue","Brooklyn","11218","314","BK14","3050600","BK1402","40.648083","-73.971224","5.31","POINT (-73.971224 40.648083)"
"Q - 169th St/Sayres Ave","Q-169th-st-sayres-ave-1jtq00","2023-09-21T00:00:00.000","No",,"169th Street","Queens","11433","412","QN12","4026600","QN1202","40.69229","-73.781615","8.31","POINT (-73.781615 40.69229)"
"BK - Neptune Ave W 29th St","BK-neptune-ave-w-29th-st-1xvic0","2024-06-20T00:00:00.000","No",,"West 29th Street","Brooklyn","11224","313","BK13","3032800","BK1302","40.577605","-73.995721","8.66","POINT (-73.995721 40.577605)"
"M - Broad St/South St","M-s-st-broad-st-1zbc0d","2025-08-22T00:00:00.000","No",,"Broad Street","Manhattan","10004","101","MN01","1000900","MN0101","40.701836","-74.011231","13.58","POINT (-74.011231 40.701836)"
"BK - 76th St/10th Ave","BK-10th-ave-76th-st-1umos0","2024-04-18T00:00:00.000","No",,"10th Avenue","Brooklyn","11228","310","BK10","3020400","BK1002","40.623751","-74.014499","22.2","POINT (-74.014499 40.623751)"
"Q - Hobart St/31st Ave","Q-hobart-st-31st-ave-214plc","2024-08-22T00:00:00.000","No",,"Hobart Street","Queens","11377","401","QN01","4016300","QN0104","40.757299","-73.908146","23.43","POINT (-73.908146 40.757299)"
"BK - Coney Island Ave/Park Circle","BK-ocean-pkwy-coney-island-ave-2lavec","2025-09-18T00:00:00.000","No",,"Coney Island Avenue","Brooklyn","11218","307","BK07","3050401","BK0701","40.650531","-73.972239","9.13","POINT (-73.972239 40.650531)"
"BK - Mermaid Ave/W 27th St (2)","BK-w-27th-st-mermaid-ave-1zbc0d","2025-08-21T00:00:00.000","No",,"Mermaid Avenue","Brooklyn","11224","313","BK13","3034200","BK1302","40.57563","-73.993336","9.84","POINT (-73.993336 40.57563)"
"M - E Houston St/Baruch Dr","M-e-houston-st-baruch-dr-1zmfzc","2024-07-24T00:00:00.000","No",,"East Houston Street","Manhattan","10002","103","MN03","1002000","MN0303","40.719531","-73.977398","7.8","POINT (-73.977398 40.719531)"
"M - Barclay St/West St","M-barclay-st-w-st-2juumc","2025-08-21T00:00:00.000","No",,"West Street, New York 9 A, New York State Route 9A, West Side Highway, State Route 9 A","Manhattan","10007","101","MN01","1002100","MN0102","40.714444","-74.013332","12.13","POINT (-74.013332 40.714444)"
"Q - Davenport Ct 2","Q-davenport-ct-2-07znk0","2021-03-05T00:00:00.000","Yes","2022-12-14T00:00:00.000","Davenport Court","Queens","11414","410","QN10","4088400","QN1003","40.653387","-73.830559","9.25","POINT (-73.830559 40.653387)"
"Q - Kissena Blvd/ Rose Ave","Q-kissena-blvd-rose-ave-1mpkw0","2023-11-16T00:00:00.000","No",,"Kissena Boulevard","Queens","11355","407","QN07","4083700","QN0706","40.746096","-73.814241","5.39","POINT (-73.814241 40.746096)"
"BK - 3rd Ave/61st St","BK-3rd-ave-61st-st-20cdbc","2024-08-07T00:00:00.000","No",,"61st Street","Brooklyn","11220","307","BK07","3007200","BK0702","40.641339","-74.020726","7.91","POINT (-74.020726 40.641339)"
"BK - DeWitt Ave/Williams Ave","BK-dewitt-ave-williams-ave-215zzc","2024-08-23T00:00:00.000","No",,"Williams Avenue","Brooklyn","11207","305","BK05","3109800","BK0503","40.656385","-73.895703","8.15","POINT (-73.895703 40.656385)"
"Q - 159th St/109th Ave","Q-159th-st-109th-ave-0vr4s0","2022-06-10T00:00:00.000","No","2023-09-21T00:00:00.000","159th Street","Queens","11433","412","QN12","4025402","QN1202","40.69395","-73.793087","6.61","POINT (-73.793087 40.69395)"
"Q - 155th Ave/79th St","Q-155th-ave-79th-st-215zzc","2024-08-23T00:00:00.000","No",,"79th Street","Queens","11414","410","QN10","4006202","QN1003","40.66403","-73.85473","6.5","POINT (-73.85473 40.66403)"
"Q - Brookville Blvd/ Snake Rd 1","Q-brookville-blvd-rockaway-blvd-1-23ndo0","2024-10-10T00:00:00.000","Yes",,"Brookville Boulevard","Queens","11422","413","QN13","4066401","QN1307","40.6439","-73.74448","12.24","POINT (-73.74448 40.6439)"
"Q - 41st Ave/78th St","Q-41st-ave-78th-st-1vep40","2024-05-03T00:00:00.000","No",,"41st Avenue","Queens","11373","404","QN04","4026700","QN0401","40.745681","-73.887337","9.45","POINT (-73.887337 40.745681)"
"Q - Beach 43rd St","Q-beach-43rd-st-15qgw0","2022-12-21T00:00:00.000","Yes",,"Beach 43rd Street","Queens","11691","414","QN14","4097206","QN1402","40.600158","-73.775326","9.72","POINT (-73.775326 40.600158)"
"BK - Richardson St/N 11th St","BK-richardson-st-n-11th-st-1x59w1","2024-06-06T00:00:00.000","No",,"North 11th Street","Brooklyn","11211","301","BK01","3051900","BK0102","40.718256","-73.952593","10.08","POINT (-73.952593 40.718256)"
"M - 3rd Ave/E 25th St","M-3rd-ave-e-25th-st-2mfd4o","2025-10-10T00:00:00.000","No",,"East 25th Street, Bernard Baruch Way","Manhattan","10010","106","MN06","1006800","MN0602","40.740155","-73.982282","17.56","POINT (-73.982282 40.740155)"
"Q - Lewis Ave/101st St","Q-lewis-ave-101st-st-21u2nc","2024-09-05T00:00:00.000","No",,"Lewis Avenue","Queens","11368","404","QN04","4044301","QN0402","40.740431","-73.859311","17.05","POINT (-73.859311 40.740431)"
"M - Waverly Pl/6th Av","M-waverly-pl-6th-av-0mg3o0","2021-12-11T00:00:00.000","No","2022-04-01T00:00:00.000","Waverly Place","Manhattan","10011","102","MN02","1007100","MN0203","40.733009","-74.000316","12.76","POINT (-74.000316 40.733009)"
"BK - Nautilus Ave/Surf Ave","BK-nautilus-ave-surf-ave-20cdbc","2024-08-07T00:00:00.000","No",,"Surf Avenue","Brooklyn","11224","313","BK13","3033600","BK1302","40.575518","-74.008308","7.8","POINT (-74.008308 40.575518)"
"Q - Peck Ave/153rd st","Q-peck-ave-153rd-st-1lmug0","2023-10-26T00:00:00.000","No",,"153rd Street","Queens","11355","407","QN07","4083700","QN0706","40.745617","-73.814417","7.32","POINT (-73.814417 40.745617)"
"M - W 143rd St/Frederick Douglass Blvd","M-w-143rd-st-frederick-douglass-blvd-1yhi00","2024-07-02T00:00:00.000","No",,"West 144th Street","Manhattan","10030","110","MN10","1025900","MN1002","40.822214","-73.942642","13.11","POINT (-73.942642 40.822214)"
"BX - W 232nd St/Irwin Ave","BX-irwin-ave-w-232nd-st-2nie80","2025-10-31T00:00:00.000","No",,"West 232nd Street","Bronx","10463","208","BX08","2028900","BX0802","40.882315","-73.907927","10.08","POINT (-73.907927 40.882315)"
"Q - 25th Ave/ 43rd St","Q-25th-ave-43rd-st-2ausk0","2025-02-27T00:00:00.000","No",,"25th Avenue","Queens","11103","401","QN01","4014300","QN0104","40.766816","-73.909423","10.47","POINT (-73.909423 40.766816)"
"Q - 30th Ave/77th St","Q-30th-ave-77th-st-1vcm40","2024-05-02T00:00:00.000","No",,"77th Street","Queens","11370","403","QN03","4030903","QN0301","40.760622","-73.891141","10.55","POINT (-73.891141 40.760622)"
"BK - Richardson St/N 11th St","BK-richardson-st-n-11th-st-1x59w0","2024-06-06T00:00:00.000","No","2025-11-25T00:00:00.000","North 11th Street","Brooklyn","11211","301","BK01","3051900","BK0102","40.718256","-73.952593","10.08","POINT (-73.952593 40.718256)"
"Q - 78th St/ Atlantic Ave","Q-78th-st-atlantic-ave-2bkxj0","2025-03-13T00:00:00.000","No",,"78th Street","Queens","11416","409","QN09","4003400","QN0904","40.684349","-73.861527","11.65","POINT (-73.861527 40.684349)"
"SI - Saybrook St/Croft Pl","SI-saybrook-st-croft-pl-2n5eg0","2025-10-24T00:00:00.000","No",,"Saybrook Street","Staten Island","10314","502","SI02","5027301","SI0204","40.605167","-74.160819","10.94","POINT (-74.160819 40.605167)"
"BK - Columbia St/Bay St","BK-columbia-st-bay-st-0pzkk0","2022-02-18T00:00:00.000","No",,"Columbia Street","Brooklyn","11231","306","BK06","3005302","BK0601","40.673267","-74.008418","12.83","POINT (-74.008418 40.673267)"
"BK - Avenue Y/E 14th St","BK-avenue-y-e-14th-st-20ru10","2024-08-15T00:00:00.000","No",,"East 14th Street","Brooklyn","11235","315","BK15","3059000","BK1503","40.589699","-73.955668","11.85","POINT (-73.955668 40.589699)"
"Q - Sunbury Rd/Merrick Blvd","Q-sunbury-road-merrick-boulevard-20px3c","2024-08-14T00:00:00.000","No",,"Sunbury Road","Queens","11434","412","QN12","4036800","QN1205","40.683301","-73.768533","14.65","POINT (-73.768533 40.683301)"
"BK - Tompkins Ave/ Fulton St","BK-decatur-st-tompkins-ave-2mfii0","2025-10-10T00:00:00.000","No",,"Tompkins Avenue","Brooklyn","11216","303","BK03","3026900","BK0301","40.6802","-73.94321","10.24","POINT (-73.94321 40.6802)"
"Q - 79th St/151st Ave","Q-79th-st-151-ave-1w2go0","2024-05-16T00:00:00.000","No",,"79th Street","Queens","11414","410","QN10","4006202","QN1003","40.667256","-73.855389","56.69","POINT (-73.855389 40.667256)"
"BK - E104th St/ Ave M","BK-avenue-m-e-104th-st-2nick0","2025-10-31T00:00:00.000","No",,"East 104th Street","Brooklyn","11236","318","BK18","3101400","BK1803","40.64054","-73.88827","11.5","POINT (-73.88827 40.64054)"
"BX - Schurz Ave/Mullan Pl","BX-mullan-pl-pennyfield-ave-1vpks0","2024-05-09T00:00:00.000","No",,"Mullen Place","Bronx","10465","210","BX10","2011800","BX1002","40.815776","-73.807329","5.98","POINT (-73.807329 40.815776)"
"M - E 79th St/ 1st Ave","M-e-79th-st-1st-ave-29txio","2025-02-07T00:00:00.000","No",,"East 79th Street","Manhattan","10075","108","MN08","1013203","MN0801","40.77222","-73.95258","5.28","POINT (-73.95258 40.77222)"
"BX - Louis Niñé Bl/Southern Bl","BX-louis-niñé-bl-southern-bl-0pmu80","2022-02-11T00:00:00.000","No",,"Louis Nine Boulevard, Wilkins Avenue","Bronx","10459","203","BX03","2012300","BX0303","40.830972","-73.89224","13.23","POINT (-73.89224 40.830972)"
"Q - 100th St/34th Ave","Q-34th-ave-100th-st-1vcjc0","2024-05-02T00:00:00.000","No",,"100th Street","Queens","11368","403","QN03","4037700","QN0303","40.755249","-73.868158","9.84","POINT (-73.868158 40.755249)"
"Q - 47th Ave/102nd St","Q-47th-ave-102nd-st-20pwg0","2024-08-14T00:00:00.000","No",,"102nd Street","Queens","11368","404","QN04","4041300","QN0402","40.744845","-73.861614","11.54","POINT (-73.861614 40.744845)"
"SI - Olympia Blvd/ Mapleton Ave","SI-olympia-blvd-mapleton-ave-1dee80","2023-05-19T00:00:00.000","Yes",,"Olympia Boulevard","Staten Island","10306","502","SI02","5011203","SI0202","40.573983","-74.091884","11.65","POINT (-74.091884 40.573983)"
"Q - Church Rd/E 6th Rd","Q-church-rd-e-6th-rd-2jvgso","2025-08-21T00:00:00.000","Yes",,"Church Road, 101st Street","Queens","11693","414","QN14","4107201","QN1403","40.60918","-73.817947","10.35","POINT (-73.817947 40.60918)"
"BX - Gillespie Ave/ Lasalle Ave","BX-gillespie-ave-la-salle-ave-291wwo","2025-01-23T00:00:00.000","No",,"Gillespie Avenue","Bronx","10461","210","BX10","2018400","BX1002","40.839289","-73.830338","8.31","POINT (-73.830338 40.839289)"
"BX - Tier St/William Ave","BX-tier-st-william-ave-1hd2c0","2023-08-04T00:00:00.000","Yes","2023-10-12T00:00:00.000","Tier Street","Bronx","10464","210","BX10","2051601","BX1003","40.847966","-73.789598","12.83","POINT (-73.789598 40.847966)"
"BK - Howard Ave/ Macon St","Q-onderdonk-ave-flushing-ave-2mf9uc","2025-10-10T00:00:00.000","No",,"Howard Avenue","Brooklyn","11233","303","BK03","3037700","BK0302","40.684294","-73.920195","10.47","POINT (-73.920195 40.684294)"
"BK - Halsey St/ Throop Ave","BK-halsey-st-throop-ave-2mfhfo","2025-10-10T00:00:00.000","No",,"Halsey Street","Brooklyn","11216","303","BK03","3026700","BK0301","40.682874","-73.941032","7.28","POINT (-73.941032 40.682874)"
"BK - E102nd St/ Ave N","BK-winthrop-st-remsen-ave-2nick0","2025-10-31T00:00:00.000","No",,"Remsen Avenue","Brooklyn","11212","317","BK17","3086600","BK1703","40.63781","-73.8876","3.94","POINT (-73.8876 40.63781)"
"Q - 56th Ave/ Springfield Blvd","Q-56th-ave-springfield-blvd-1zbc0d","2025-09-11T00:00:00.000","No",,"56th Avenue","Queens","11364","411","QN11","4138501","QN1102","40.75255","-73.7591","8.19","POINT (-73.7591 40.75255)"
"Q - 120th Ave/177th Pl","Q-sunbury-road-177th-place-20pwtc","2024-08-14T00:00:00.000","No",,"177th Place","Queens","11434","412","QN12","4036800","QN1205","40.685102","-73.767066","8.5","POINT (-73.767066 40.685102)"
"Q - 76th St/37th Rd","Q-76th-st-37th-rd-214qm0","2024-08-22T00:00:00.000","No",,"37th Road","Queens","11372","403","QN03","4028700","QN0301","40.747519","-73.889395","8.78","POINT (-73.889395 40.747519)"
"BX - Radcliffe Ave/Van Nest Ave","BX-van-nest-ave-radcliff-ave-2lnmso","2025-09-25T00:00:00.000","No",,"Van Nest Avenue","Bronx","10462","211","BX11","2025200","BX1102","40.846488","-73.856049","11.06","POINT (-73.856049 40.846488)"
"BK - Winthrop St/ E 46th St","BK-e-46th-st-winthrop-st-2rrxg0","2026-01-22T00:00:00.000","No",,"Winthrop Street","Brooklyn","11203","309","BK09","3087600","BK0902","40.65809","-73.93521","10.83","POINT (-73.93521 40.65809)"
"BK - Ocean View Ave / Brighton 3rd St","BK-oceanview-ave-ocean-view-ave-24qgzc","2024-10-31T00:00:00.000","No",,"Oceanview Avenue, Ocean View Avenue","Brooklyn","11235","313","BK13","3036400","BK1303","40.579018","-73.965033","8.39","POINT (-73.965033 40.579018)"
"M - Bennett Ave/Broadway","M-bennett-ave-broadway-1yhi00","2024-07-02T00:00:00.000","No",,"Bennett Avenue","Manhattan","10040","112","MN12","1027900","MN1202","40.859338","-73.931534","17.28","POINT (-73.931534 40.859338)"
"Q - Linden Pl/ 28th Ave","Q-whitestone-expressway-linden-pl-2kxrqc","2025-09-11T00:00:00.000","No",,"Linden Place","Queens","11354","407","QN07","4090700","QN0701","40.772019","-73.833792","4.69","POINT (-73.833792 40.772019)"
"Q - 145th Rd/Springfield Blvd","Q-145th-road-springfield-boulevard-20pw7o","2024-08-14T00:00:00.000","No",,"Springfield Boulevard","Queens","11413","413","QN13","4032000","QN1306","40.663945","-73.759328","9.25","POINT (-73.759328 40.663945)"
"BX - Newman Ave/ Gildersleeve Ave","BX-newman-ave-gildersleeve-ave-2o89w0","2025-11-14T00:00:00.000","No",,"Newman Avenue","Bronx","10473","209","BX09","2000400","BX0902","40.80957","-73.85431","8.66","POINT (-73.85431 40.80957)"
"M - Delancey St/FDR Dr","M-delancey-st-fdr-dr-2suzbo","2026-02-12T00:00:00.000","No",,"FDR Drive, FDR Drive West Lane, East River Drive","Manhattan","10002","103","MN03","1001001","MN0302","40.71467","-73.976881","6.85","POINT (-73.976881 40.71467)"
"BK - 9th St/Smith St","BK-9th-st-smith-st-0etvg0","2021-07-16T00:00:00.000","No","2021-12-10T00:00:00.000","9th Street","Brooklyn","11215","306","BK06","3011902","BK0601","40.673654","-73.995396","13.07","POINT (-73.995396 40.673654)"
"M - E 108th St/1st Ave","M-e-108th-st-1st-ave-1vrco0","2024-05-10T00:00:00.000","No",,"East 108th Street","Manhattan","10029","111","MN11","1017000","MN1101","40.790943","-73.939451","1.81","POINT (-73.939451 40.790943)"
"BK - Carroll St/4th Av","BK-carroll-st-4th-av-0ery00","2021-07-15T00:00:00.000","No",,"Carroll Street","Brooklyn","11215","306","BK06","3011901","BK0601","40.676281","-73.984089","5.67","POINT (-73.984089 40.676281)"
"Q - Deerfield Rd/Beach 28th St","Q-deerfield-rd-beach-28th-st-1zdul0","2024-07-19T00:00:00.000","Yes",,"Beach 28th Street","Queens","11691","414","QN14","4099801","QN1401","40.597343","-73.761458","9.37","POINT (-73.761458 40.597343)"
"Q - 24th St/Bay 24th St","Q-bay-24-st-cornage-ave-1w2rs0","2024-05-16T00:00:00.000","No",,"Bay 24th Street","Queens","11691","414","QN14","4100804","QN1401","40.602601","-73.761457","8.54","POINT (-73.761457 40.602601)"
"Q - Russell St 2","Q-russell-st-2-07zt40","2021-03-05T00:00:00.000","Yes","2024-02-15T00:00:00.000","Russell Street","Queens","11414","410","QN10","4088400","QN1003","40.654254","-73.831736","30.87","POINT (-73.831736 40.654254)"
"Q - Cresent St/ Hoyt Ave","Q-crescent-st-hoyt-avenue-south-2ausk0","2025-02-27T00:00:00.000","No",,"Crescent Street, 25th Street","Queens","11102","401","QN01","4006900","QN0103","40.77293","-73.92155","9.29","POINT (-73.92155 40.77293)"
"M - W 119th St/5th Ave","M-w-119th-st-5th-ave-1yj9w0","2022-11-13T00:00:00.000","No","2024-12-13T00:00:00.000","West 119th Street","Manhattan","10026","110","MN10","1020000","MN1001","40.803119","-73.946141","13.19","POINT (-73.946141 40.803119)"
"SI - Fabian St/Sneden Ave","SI-fabian-st-sneden-ave-20e7zc","2024-08-08T00:00:00.000","No",,"Sneden Avenue","Staten Island","10312","503","SI03","5017005","SI0304","40.54111","-74.174256","5.28","POINT (-74.174256 40.54111)"
"BX - Hobart Ave/ Coddington Ave","BX-hobart-ave-coddington-ave-291xu0","2025-01-23T00:00:00.000","No",,"Hobart Avenue","Bronx","10461","210","BX10","2026400","BX1002","40.841029","-73.828842","6.5","POINT (-73.828842 40.841029)"
"Q - 253rd St/ 147 Drive","Q-253rd-st-147-drive-1edno0","2023-06-07T00:00:00.000","Yes","2023-06-22T00:00:00.000","253rd Street","Queens","11422","413","QN13","4066402","QN1307","40.655806","-73.736616","6.5","POINT (-73.736616 40.655806)"
"M - E 23rd St/FDR Drive","M-e-23rd-st-asser-levy-pl-2mfdvc","2025-10-10T00:00:00.000","No",,"East 23rd Street","Manhattan","10010","106","MN06","1006200","MN0603","40.735873","-73.975937","9.02","POINT (-73.975937 40.735873)"
"Q - Beach 66th St/Thursby Ave","Q-beach-66th-st-thursby-ave-1a5vs0","2023-03-17T00:00:00.000","Yes",,"Beach 66th Street","Queens","11692","414","QN14","4096400","QN1402","40.595956","-73.795556","7.44","POINT (-73.795556 40.595956)"
"BK - Church Ave/E 53rd St","BK-church-ave-e-53rd-st-215zzc","2024-08-23T00:00:00.000","No",,"Church Avenue","Brooklyn","11203","317","BK17","3086200","BK1703","40.652245","-73.927709","23.9","POINT (-73.927709 40.652245)"
"BK - Wallabout St/Throop Ave","BK-wallabout-st-throop-ave-19qu40","2023-03-09T00:00:00.000","No",,"Wallabout Street","Brooklyn","11206","301","BK01","3050700","BK0103","40.702812","-73.946768","9.13","POINT (-73.946768 40.702812)"
"BK - Knickerbocker Ave/Palmetto St","BK-knickerbocker-ave-palmetto-st-1mpi40","2023-11-16T00:00:00.000","No",,"Knickerbocker Avenue","Brooklyn","11221","304","BK04","3043500","BK0402","40.696296","-73.91379","25.59","POINT (-73.91379 40.696296)"
"BX - Britton St/Bronx Park E","BX-britton-st-bronx-park-east-2caoio","2025-03-27T00:00:00.000","No",,"Britton Street","Bronx","10467","211","BX11","2033601","BX1104","40.86667","-73.87028","1.93","POINT (-73.87028 40.86667)"
"Q - 133rd St/97th Ave","Q-133rd-st-97th-ave-21vxbc","2024-09-06T00:00:00.000","No",,"97th Avenue","Queens","11419","409","QN09","4015000","QN0903","40.694502","-73.815287","5.08","POINT (-73.815287 40.694502)"
"Q - 177th St/129th Ave","Q-177th-st-129th-ave-20pxgo","2024-08-14T00:00:00.000","No",,"177th Street","Queens","11434","412","QN12","4033401","QN1204","40.680464","-73.765682","10.08","POINT (-73.765682 40.680464)"
"M - Market Slip/South St","M-market-slip-s-st-2suyoc","2026-02-12T00:00:00.000","No",,"Market Slip","Manhattan","10002","103","MN03","1000800","MN0301","40.709579","-73.994078","10.79","POINT (-73.994078 40.709579)"
"M - W 42nd St/11th Ave","M-11th-ave-w-42nd-st-2nvbn0","2025-11-07T00:00:00.000","No",,"West 42nd Street","Manhattan","10036","104","MN04","1012901","MN0402","40.760792","-73.998075","4.57","POINT (-73.998075 40.760792)"
"BX - White Plains Rd/Wood Ave","BX-white-plains-rd-wood-ave-2lnn60","2025-09-25T00:00:00.000","No",,"White Plains Road, Pugsley Road","Bronx","10462","209","BX09","2021601","BX0901","40.835616","-73.863275","11.18","POINT (-73.863275 40.835616)"
"BK - Vermont St/Stanley Ave","BK-vermont-st-stanley-ave-215zzc","2024-08-23T00:00:00.000","No",,"Stanley Avenue","Brooklyn","11207","305","BK05","3110400","BK0503","40.657638","-73.888062","8.03","POINT (-73.888062 40.657638)"
"Q - Springfield Blvd/ Murdock Ave","Q-springfield-blvd-murdock-ave-2msf80","2025-10-17T00:00:00.000","No",,"Springfield Boulevard","Queens","11429","413","QN13","4053401","QN1304","40.70329","-73.74068","8.9","POINT (-73.74068 40.70329)"
"Q - 14th St/ 31st Rd","Q-31st-rd-14th-st-2ausk0","2025-02-27T00:00:00.000","No",,"31st Road","Queens","11106","401","QN01","4007700","QN0102","40.767691","-73.93232","9.09","POINT (-73.93232 40.767691)"
"BK - Kingston Ave/Rutland Rd","BK-kingston-ave-rutland-rd-1dnqc0","2023-05-24T00:00:00.000","No",,"Kingston Avenue","Brooklyn","11203","309","BK09","3081000","BK0902","40.659991","-73.942603","13.11","POINT (-73.942603 40.659991)"
"M - Malcolm X Blvd/W 118th","M-malcolm-x-blvd-w-118th-1yjl00","2024-07-03T00:00:00.000","No","2024-12-13T00:00:00.000","West 117th Street","Manhattan","10026","110","MN10","1019000","MN1001","40.802614","-73.948844","9.37","POINT (-73.948844 40.802614)"
"M - 126th St/7th Av","M-126th-st-7th-av-0mi140","2021-12-12T00:00:00.000","No",,"West 126th Street, Sylvia P Woods Way, James Brown Way","Manhattan","10027","110","MN10","1022400","MN1002","40.80983","-73.948101","9.96","POINT (-73.948101 40.80983)"
"M - Rivington St/Suffolk St","M-rivington-st-suffolk-st-1zmfzc","2024-07-24T00:00:00.000","No",,"Suffolk Street","Manhattan","10002","103","MN03","1003001","MN0302","40.719461","-73.985789","12.95","POINT (-73.985789 40.719461)"
"BX - Southern Blvd/Longwood Ave","BX-longwood-ave-southern-blvd-1vpnk0","2024-05-09T00:00:00.000","No",,"Longwood Avenue","Bronx","10459","202","BX02","2008500","BX0202","40.816353","-73.896467","3.11","POINT (-73.896467 40.816353)"
"SI - Seaview Ave/Hylan Blvd","SI-seaview-ave-hylan-blvd-1aiug0","2023-03-24T00:00:00.000","Yes",,"Seaview Avenue","Staten Island","10305","502","SI02","5007001","SI0201","40.586602","-74.09168","14.65","POINT (-74.09168 40.586602)"
"Q - 184th St/91st Ave","Q-184th-st-91st-ave-1lmro0","2023-10-26T00:00:00.000","No",,"184th Street","Queens","11423","412","QN12","4047000","QN1201","40.710475","-73.776529","7.83","POINT (-73.776529 40.710475)"
"M - E 6th St/FDR Dr","M-e-6th-st-fdr-drive-1vrfg0","2024-05-10T00:00:00.000","No",,"East 6th Street","Manhattan","10009","103","MN03","1002000","MN0303","40.721652","-73.975084","7.83","POINT (-73.975084 40.721652)"
"M - Indian Rd/W 215th St","M-indian-rd-w-215th-st-1yhqc0","2024-07-02T00:00:00.000","Yes",,"West 218th Street","Manhattan","10034","112","MN12","1029700","MN1292","40.873076","-73.918458","5.63","POINT (-73.918458 40.873076)"
"BK - Meserole Ave/Newel St","BK-meserole-ave-newel-st-1tyro0","2024-04-05T00:00:00.000","No","2025-07-24T00:00:00.000","Meserole Avenue","Brooklyn","11222","301","BK01","3057300","BK0101","40.728288","-73.949231","3.58","POINT (-73.949231 40.728288)"
"BK - Hoyt St/5th St","BK-hoyt-st-5th-st-007sk0","2020-10-05T00:00:00.000","No",,"Hoyt Street","Brooklyn","11231","306","BK06","3007700","BK0601","40.676672","-73.994591","17.17","POINT (-73.994591 40.676672)"
"BK - Rochester Ave/ Bergen St","BK-saint-marks-ave-rochester-ave-2rrwxo","2026-01-22T00:00:00.000","No",,"Rochester Avenue","Brooklyn","11213","308","BK08","3030700","BK0802","40.67402","-73.927862","10.47","POINT (-73.927862 40.67402)"
"BK - 85th St 24th Ave","BK-85th-st-24th-ave-1xv780","2024-06-20T00:00:00.000","No",,"85th Street","Brooklyn","11214","311","BK11","3029800","BK1103","40.599746","-73.988479","10.79","POINT (-73.988479 40.599746)"
"BX - Ditmars St/Hunter Ave 2","BX-ditmars-st-hunter-ave-1kwrk0","2023-10-12T00:00:00.000","Yes",,"Ditmars Street","Bronx","10464","210","BX10","2051601","BX1003","40.849297","-73.789528","0.94","POINT (-73.789528 40.849297)"
"Q - Park Ln/Park Lane South","Q-park-lane-park-lane-south-21u2nc","2024-09-05T00:00:00.000","No",,"Park Lane South, Park Place, Onslow Place","Queens","11415","409","QN09","4013400","QN0901","40.707823","-73.837171","13.46","POINT (-73.837171 40.707823)"
"BK - Winthrop St/ E 94th St","BK-winthrop-st-e-94th-st-1dnt40","2023-05-24T00:00:00.000","No",,"Winthrop Street","Brooklyn","11212","317","BK17","3088400","BK1704","40.661173","-73.924517","8.39","POINT (-73.924517 40.661173)"
"BX - College Ave/E 165th St","BX-college-ave-e-165th-st-214t90","2024-08-22T00:00:00.000","No",,"East 165th Street","Bronx","10456","204","BX04","2017500","BX0401","40.829109","-73.915682","18.39","POINT (-73.915682 40.829109)"
"BK - Lee Ave/Middleton St","BK-lee-ave-middleton-st-19qok0","2023-03-09T00:00:00.000","No",,"Lee Avenue","Brooklyn","11206","301","BK01","3053101","BK0103","40.70086","-73.954595","10.31","POINT (-73.954595 40.70086)"
"BX - Tier St/William Ave","BX-tier-st-william-ave-1kwuc0","2023-10-12T00:00:00.000","Yes",,"Tier Street","Bronx","10464","210","BX10","2051601","BX1003","40.848094","-73.789491","3.46","POINT (-73.789491 40.848094)"
"Q - Brookville Blvd/ Snake Rd 3","Q-brookville-blvd-149th-ave-3-23nfdo","2024-10-10T00:00:00.000","Yes",,"Brookville Boulevard","Queens","11422","413","QN13","4066401","QN1307","40.649528","-73.74561","18.46","POINT (-73.74561 40.649528)"
"Q - 160th St/Brinkerhoff Ave","Q-160th-st-brinkerhoff-ave-1ju140","2023-09-21T00:00:00.000","No","2025-09-17T00:00:00.000","110th Avenue, Brinkerhoff Avenue","Queens","11433","412","QN12","4026000","QN1202","40.692628","-73.790908","9.49","POINT (-73.790908 40.692628)"
"Q - W 16th Rd/Cross Bay Blvd","Q-w-16th-rd-cross-bay-blvd-1zdu4c","2024-07-19T00:00:00.000","Yes",,"West 16th Road","Queens","11693","414","QN14","4107201","QN1403","40.601616","-73.820453","8.9","POINT (-73.820453 40.601616)"
"BX - Rider Ave / E 140th St","BX-e-140th-st-rider-ave-2kkxk0","2025-09-04T00:00:00.000","No",,"Rider Avenue","Bronx","10451","201","BX01","2005100","BX0101","40.813418","-73.926575","9.96","POINT (-73.926575 40.813418)"
"M - E 108th St/Park Ave","M-e-108th-st-park-ave-1kwx40","2023-10-12T00:00:00.000","No",,"East 108th Street","Manhattan","10029","111","MN11","1017401","MN1101","40.794408","-73.947289","9.57","POINT (-73.947289 40.794408)"
"M - Vermilyea Ave/ Academy St","M-academy-st-vermilyea-ave-2nidwc","2025-10-31T00:00:00.000","No",,"Vermilyea Avenue","Manhattan","10034","112","MN12","1029100","MN1203","40.86551","-73.924308","6.26","POINT (-73.924308 40.86551)"
"BX - St Raymond Ave/ Castle Hill Ave","BX-castle-hill-ave-saint-raymonds-ave-2920m0","2025-01-23T00:00:00.000","No",,"Saint Raymond's Avenue, Saint Raymond South Avenue, Saint Raymond Avenue","Bronx","10462","209","BX09","2022200","BX0904","40.837811","-73.852669","9.21","POINT (-73.852669 40.837811)"
"M - W 147th St/Malcolm X Blvd","M-w-147th-st-malcolm-x-blvd-1yhks0","2024-07-02T00:00:00.000","No",,"West 147th Street","Manhattan","10039","110","MN10","1023400","MN1002","40.821781","-73.935526","16.69","POINT (-73.935526 40.821781)"
"BK - Flatlands 8th St/E 108th St","BK-flatlands-8th-st-e-108th-st-1umx40","2024-04-18T00:00:00.000","No",,"Flatlands 8th Street","Brooklyn","11236","318","BK18","3101800","BK1803","40.640908","-73.884565","13.82","POINT (-73.884565 40.640908)"
"BK - Dwight St/King St","BK-dwight-st-king-st-0pznc0","2022-02-18T00:00:00.000","No",,"Dwight Street","Brooklyn","11231","306","BK06","3008500","BK0601","40.676352","-74.008561","9.09","POINT (-74.008561 40.676352)"
"M - Lafayette St/White St","M-lafayette-st-white-st-1zmfzc","2024-07-24T00:00:00.000","No",,"Lafayette Street, Federal Plaza","Manhattan","10013","101","MN01","1003100","MN0102","40.717411","-74.001524","6.38","POINT (-74.001524 40.717411)"
"BK - Farragut Rd/Brooklyn Ave","BK-farragut-rd-brooklyn-ave-20rvdc","2024-08-15T00:00:00.000","No",,"Brooklyn Avenue","Brooklyn","11210","317","BK17","3078200","BK1702","40.636771","-73.942329","11.02","POINT (-73.942329 40.636771)"
"BK - Church Ave/E10th St","BK-church-ave-e10th-st-1lbck0","2023-10-20T00:00:00.000","No",,"Church Avenue, New York 27, New York State Route 27, State Route 27","Brooklyn","11218","314","BK14","3050600","BK1402","40.64673","-73.970166","7.2","POINT (-73.970166 40.64673)"
"BK - Caton Ave/E Eighth St","BK-caton-ave-e-8th-st-2lavl0","2025-09-18T00:00:00.000","No",,"Caton Avenue, State Route 27","Brooklyn","11218","307","BK07","3050401","BK0701","40.647972","-73.972408","8.31","POINT (-73.972408 40.647972)"
"M - Varick St/Canal St","M-varick-st-canal-st-1zmfzc","2024-07-24T00:00:00.000","No",,"Canal Street","Manhattan","10013","102","MN01","1003300","MN0102","40.722851","-74.006881","11.54","POINT (-74.006881 40.722851)"
"BK - Dover St/Shore Blvd","BK-dover-st-shore-blvd-20cdbc","2024-08-07T00:00:00.000","No",,"Dover Street","Brooklyn","11235","315","BK15","3061200","BK1503","40.582007","-73.949998","11.85","POINT (-73.949998 40.582007)"
"BK - 9th St/Smith St","BK-9th-st-smith-st-0mlfc0","2021-12-14T00:00:00.000","No",,"9th Street","Brooklyn","11215","306","BK06","3011902","BK0601","40.673401","-73.994892","8.15","POINT (-73.994892 40.673401)"
"Q - 192nd St/ 39th Ave","Q-39th-ave-192nd-st-2kxsh0","2025-09-11T00:00:00.000","No",,"39th Avenue","Queens","11358","411","QN11","4113900","QN1101","40.76193","-73.78986","5.2","POINT (-73.78986 40.76193)"
"BK - Fountain Ave/Flatlands Ave","BK-fountain-ave-flatlands-ave-215zzc","2024-08-23T00:00:00.000","No",,"Flatlands Avenue","Brooklyn","11239","305","BK05","3107001","BK0504","40.660318","-73.867307","7.8","POINT (-73.867307 40.660318)"
"Q - 44th Dr/ Vernon Blvd","Q-44th-dr-vernon-blvd-2if0k0","2025-07-24T00:00:00.000","No",,"44th Drive","Queens","11101","402","QN02","4001903","QN0201","40.74908","-73.95193","11.38","POINT (-73.95193 40.74908)"
"M - Sherman Ave/Academy St","M-academy-st-sherman-ave-2nido0","2025-10-31T00:00:00.000","No",,"Sherman Avenue","Manhattan","10034","112","MN12","1029100","MN1203","40.864401","-73.923884","7.09","POINT (-73.923884 40.864401)"
"Q - Liberty Ave/ 183rd St","Q-liberty-ave-183rd-st-2msf80","2025-10-17T00:00:00.000","No",,"183rd Street","Queens","11423","412","QN12","4044400","QN1201","40.70549","-73.77576","12.05","POINT (-73.77576 40.70549)"
"Q - 108th Ave/159th St","Q-108th-ave-159th-st-0vr200","2022-06-10T00:00:00.000","No","2023-09-21T00:00:00.000","108th Avenue","Queens","11433","412","QN12","4025402","QN1202","40.695371","-73.794115","8.03","POINT (-73.794115 40.695371)"
"SI - Dawson Ct/Dawson Cir","SI-dawson-court-dawson-circle-20e7zc","2024-08-08T00:00:00.000","No",,"Dawson Circle","Staten Island","10314","502","SI02","5029105","SI0204","40.604898","-74.166162","3.35","POINT (-74.166162 40.604898)"
"Q - Beach 49th St/Rockaway Beach Blvd","Q-beach-49th-st-rockaway-beach-blvd-1zdu7o","2024-07-19T00:00:00.000","Yes",,"Beach 49th Street","Queens","11691","414","QN14","4097204","QN1402","40.593339","-73.779743","7.95","POINT (-73.779743 40.593339)"
"BK - 83rd St/21st Ave","BK-83rd-st-21st-ave-20rsoo","2024-08-15T00:00:00.000","No",,"83rd Street","Brooklyn","11214","311","BK11","3029000","BK1101","40.604882","-73.994148","9.37","POINT (-73.994148 40.604882)"
"SI - Olympia/ Slater Blvd","SI-olympia-slater-blvd-1j3so0","2023-09-07T00:00:00.000","Yes",,"Slater Boulevard","Staten Island","10305","502","SI02","5011201","SI0202","40.579374","-74.08697","6.61","POINT (-74.08697 40.579374)"
"Q - 205th St/ 90th Ave","Q-205th-st-90th-ave-2msnf0","2025-10-17T00:00:00.000","No","2025-10-23T00:00:00.000","205th Street","Queens","11423","412","QN12","4048400","QN1206","40.71765","-73.75812","8.54","POINT (-73.75812 40.71765)"
"BX - Watson Ave/Close Ave","BX-watson-ave-close-ave-1zbbzc","2024-07-18T00:00:00.000","No",,"Close Avenue","Bronx","10472","209","BX09","2005200","BX0901","40.825626","-73.882366","24.37","POINT (-73.882366 40.825626)"
"BK - Mermaid Ave/W 27th St","BK-mermaid-ave-w-27th-st-1uors0","2024-04-19T00:00:00.000","No","2025-08-21T00:00:00.000","Mermaid Avenue","Brooklyn","11224","313","BK13","3034200","BK1302","40.575683","-73.99307","6.54","POINT (-73.99307 40.575683)"
"BK - Greene Ave / Grand Ave","BK-grand-ave-greene-ave-2jg3u0","2025-08-13T00:00:00.000","No",,"Greene Avenue","Brooklyn","11238","302","BK02","3023100","BK0204","40.687137","-73.962457","8.39","POINT (-73.962457 40.687137)"
"BX - Brook Ave / E 149th St","BX-e-149th-st-brook-ave-1zbc0d","2025-09-04T00:00:00.000","No",,"Brook Avenue","Bronx","10455","201","BX01","2007100","BX0102","40.815088","-73.914993","8.9","POINT (-73.914993 40.815088)"
"BK - Concord St/Navy St","BK-concord-st-navy-st-1zmfzc","2024-07-24T00:00:00.000","No",,"Navy Street","Brooklyn","11201","302","BK02","3021100","BK0203","40.697836","-73.980408","12.24","POINT (-73.980408 40.697836)"
"Q - 157th St/109th Ave","Q-157th-st-109th-ave-0vqz80","2022-06-10T00:00:00.000","No","2023-09-21T00:00:00.000","157th Street","Queens","11433","412","QN12","4025401","QN1202","40.693297","-73.794337","9.49","POINT (-73.794337 40.693297)"
"BX - Colgate Av/Westchester Av","BX-colgate-av-westchester-av-0pmzs0","2022-02-11T00:00:00.000","No",,"Colgate Avenue","Bronx","10472","209","BX09","2005400","BX0901","40.828553","-73.882075","26.89","POINT (-73.882075 40.828553)"
"BK - Mermaid Ave/W 32nd St","BK-mermaid-ave-w-32nd-st-24qgfc","2024-10-31T00:00:00.000","No",,"Mermaid Avenue","Brooklyn","11224","313","BK13","3032800","BK1302","40.575179","-73.998369","3.35","POINT (-73.998369 40.575179)"
"BK - Lorraine St/Henry St","BK-lorraine-st-henry-st-0pzsw0","2022-02-18T00:00:00.000","No",,"Lorraine Street","Brooklyn","11231","306","BK06","3008500","BK0601","40.673707","-74.00435","9.72","POINT (-74.00435 40.673707)"
"M - 118th St/ Malcolm X Blvd","M-w-118th-st-lenox-ave-2lclao","2025-09-19T00:00:00.000","No",,"West 118th Street","Manhattan","10026","110","MN10","1019000","MN1001","40.803292","-73.948541","7.83","POINT (-73.948541 40.803292)"
"BK - Tillary St / Navy St","BK-tillary-st-park-ave-2jg4e0","2025-08-13T00:00:00.000","No","2025-08-21T00:00:00.000","Tillary Street","Brooklyn","11201","302","BK02","3001501","BK0202","40.696065","-73.98072","6.61","POINT (-73.98072 40.696065)"
"M - 6th Ave/W 18th St","M-avenue-of-the-americas-w-18th-st-2mfe0c","2025-10-10T00:00:00.000","No",,"Avenue of the Americas, 6th Avenue","Manhattan","10011","104","MN04","1008100","MN0401","40.73971","-73.99526","18.98","POINT (-73.99526 40.73971)"
"M - Catherine Slip/Catherine St","M-catherine-slip-catherine-st-2suy9c","2026-02-12T00:00:00.000","No",,"Catherine Slip","Manhattan","10038","103","MN03","1002500","MN0301","40.710519","-73.998475","6.85","POINT (-73.998475 40.710519)"
"Q - 1st St/Rockaway Blvd","Q-1st-st-rockaway-blvd-20pwq0","2024-09-19T00:00:00.000","No",,"Rockaway Boulevard, New York State Route 878, State Route 878, New York 878","Queens","11422","413","QN13","4066401","QN1307","40.638098","-73.740976","11.42","POINT (-73.740976 40.638098)"
"SI - Willow Rd E/Nina Ave","SI-willow-rd-e-nina-ave-0xx2c0","2022-07-22T00:00:00.000","No",,"Willow Road East","Staten Island","10314","501","SI01","5025100","SI0105","40.61133","-74.151058","19.09","POINT (-74.151058 40.61133)"
"SI - Baden Pl/ Mapleton Ave","SI-baden-pl-mapleton-ave-1dejs0","2023-05-19T00:00:00.000","Yes",,"Mapleton Avenue","Staten Island","10306","502","SI02","5011203","SI0202","40.573189","-74.090386","10.43","POINT (-74.090386 40.573189)"
"BK - Marcy Ave/Ellery St","BK-marcy-av-ellery-st-007vc0","2020-10-05T00:00:00.000","No","2023-03-09T00:00:00.000","Marcy Avenue","Brooklyn","11206","303","BK03","3025500","BK0301","40.697974","-73.949837","20.87","POINT (-73.949837 40.697974)"
"Q - 160th St/Brinkerhoff Ave 2","Q-160th-st-110th-ave-2l96m0","2025-09-17T00:00:00.000","No",,"160th Street","Queens","11433","412","QN12","4026000","QN1202","40.692547","-73.791085","8.78","POINT (-73.791085 40.692547)"
"BX - Webster Ave/E 174th St","BX-e-174th-st-webster-ave-2lane0","2025-09-25T00:00:00.000","No",,"Webster Avenue","Bronx","10457","203","BX03","2016500","BX0302","40.84425","-73.90273","9.61","POINT (-73.90273 40.84425)"
"BX - Tinton Ave/E 163rd St","BX-tinton-ave-e-163rd-st-2lan40","2025-09-25T00:00:00.000","No",,"Tinton Avenue","Bronx","10456","203","BX03","2013300","BX0301","40.822773","-73.903054","0","POINT (-73.903054 40.822773)"
"BX - Webster Ave/E 166th St","BX-webster-ave-e-166th-st-215110","2024-08-22T00:00:00.000","No",,"Webster Avenue","Bronx","10456","203","BX04","2014300","BX0401","40.829267","-73.911467","1.46","POINT (-73.911467 40.829267)"
"M - Avenue C/E 5th St","M-avenue-c-e-5th-st-1zmfzc","2024-07-24T00:00:00.000","No",,"East 5th Street","Manhattan","10009","103","MN03","1002601","MN0303","40.722973","-73.979801","9.37","POINT (-73.979801 40.722973)"
"BK - Ocean Ave/Dorchester Rd","BK-ocean-ave-dorchester-rd-1lbi40","2023-10-20T00:00:00.000","No",,"Ocean Avenue","Brooklyn","11226","314","BK14","3051800","BK1402","40.641051","-73.959463","10.43","POINT (-73.959463 40.641051)"
"BK - Thatford Ave/ Riverdale Ave","BK-riverdale-ave-thatford-ave-2nick0","2025-10-31T00:00:00.000","No",,"Thatford Avenue","Brooklyn","11212","316","BK16","3091800","BK1602","40.66125","-73.90755","7.05","POINT (-73.90755 40.66125)"
"BK - Coney Island Ave/Brighton Beach Ave","BK-coney-island-ave-brighton-beach-ave-20cdbc","2024-08-07T00:00:00.000","No",,"Coney Island Avenue","Brooklyn","11235","313","BK13","3061002","BK1303","40.577475","-73.959509","10.08","POINT (-73.959509 40.577475)"
"Q - 98th St/Alstyne Ave","Q-98th-st-alstyne-ave-20pz80","2024-08-14T00:00:00.000","No",,"Alstyne Avenue","Queens","11368","404","QN04","4041100","QN0402","40.743128","-73.864458","8.27","POINT (-73.864458 40.743128)"
"BK - Brooklyn Ave/St Johns Pl","BK-saint-johns-pl-brooklyn-ave-2rrwpc","2026-01-22T00:00:00.000","No",,"Saint John's Place","Brooklyn","11213","308","BK08","3033900","BK0802","40.671266","-73.944861","6.38","POINT (-73.944861 40.671266)"
"BX - Walnut Ave / E 139th St","BX-rose-feiss-blvd-e-139th-st-2kkyj0","2025-09-04T00:00:00.000","No",,"East 139th Street","Bronx","10454","201","BX01","2001903","BX0101","40.803499","-73.907906","8.78","POINT (-73.907906 40.803499)"
"Q - Brookville Blvd/ Snake Rd 2","Q-brookville-blvd-rockaway-blvd-2-23nei0","2024-10-10T00:00:00.000","Yes",,"Brookville Boulevard","Queens","11422","413","QN13","4066401","QN1307","40.6437","-73.7442","12.83","POINT (-73.7442 40.6437)"
"BK - Marcy Ave/Hopkins St","BK-marcy-ave-hopkins-st-278inc","2024-12-19T00:00:00.000","No",,"Marcy Avenue","Brooklyn","11206","303","BK03","3025500","BK0301","40.698989","-73.949968","11.42","POINT (-73.949968 40.698989)"
"BX - E 165th St/River Ave","BX-e-165th-st-river-ave-214rec","2024-08-22T00:00:00.000","No","2025-10-24T00:00:00.000","East 165th Street","Bronx","10452","204","BX04","2006302","BX0491","40.832216","-73.924021","32.64","POINT (-73.924021 40.832216)"
"BX - Morris Park Ave/ Radcliff Ave","BX-morris-park-ave-radcliff-ave-25geeo","2024-11-14T00:00:00.000","No",,"Radcliff Avenue","Bronx","10462","211","BX11","2025200","BX1102","40.847977","-73.857227","13.39","POINT (-73.857227 40.847977)"
"Q - 126th St/109th Ave","Q-126th-st-109th-ave-21vxbc","2024-09-06T00:00:00.000","No",,"109th Avenue","Queens","11420","410","QN10","4017000","QN1001","40.683977","-73.815949","9.25","POINT (-73.815949 40.683977)"
"BX - Van Cortlandt Park S/Bailey Ave","BX-bailey-ave-van-cortlandt-park-south-2calk0","2025-03-27T00:00:00.000","No",,"Van Cortlandt Park South","Bronx","10463","208","BX08","2027900","BX0801","40.885642","-73.895364","28.23","POINT (-73.895364 40.885642)"
"BK - 35th St/3rd Ave","BK-35th-st-3rd-ave-20cdbc","2024-08-07T00:00:00.000","No",,"35th Street","Brooklyn","11232","307","BK07","3008400","BK0702","40.655606","-74.004967","13.07","POINT (-74.004967 40.655606)"
"Q - 159th St/109th Ave","Q-159th-st-109th-ave-1jtvk0","2023-09-21T00:00:00.000","No",,"109th Avenue","Queens","11433","412","QN12","4025402","QN1202","40.69381","-73.792863","7.83","POINT (-73.792863 40.69381)"
"BX - Sheridan Bl/173rd St","BX-sheridan-bl-173rd-st-0pmx00","2022-02-11T00:00:00.000","No",,"Sheridan Boulevard, State Route 895, New York-895, Sheridan Expressway North, New York State Route 895","Bronx","10459","203","BX03","2015700","BX0303","40.833601","-73.883273","62.8","POINT (-73.883273 40.833601)"
"BX - Centre St/City Island Ave","BX-centre-st-city-island-ave-1gmzg0","2023-07-21T00:00:00.000","Yes",,"City Island Avenue","Bronx","10464","210","BX10","2051601","BX1003","40.844349","-73.785508","11.42","POINT (-73.785508 40.844349)"
"SI - Boundary Ave/ Hull Ave","SI-boundary-ave-hull-ave-1debg0","2023-05-19T00:00:00.000","No",,"Boundary Avenue","Staten Island","10306","502","SI02","5011201","SI0202","40.580028","-74.098358","12.24","POINT (-74.098358 40.580028)"
"M - Peck Slip/Front St","M-peck-slip-front-st-1zmfzc","2024-07-24T00:00:00.000","No",,"Peck Slip","Manhattan","10038","101","MN01","1001501","MN0101","40.707833","-74.001697","17.68","POINT (-74.001697 40.707833)"
"SI - Barlow Ave/Abingdon Ave","SI-barlow-ave-abingdon-ave-20e7zc","2024-08-08T00:00:00.000","No",,"Abingdon Avenue","Staten Island","10308","503","SI03","5014607","SI0302","40.558332","-74.159673","8.5","POINT (-74.159673 40.558332)"
"SI - Castleton Ave / Caroline St","SI-caroline-st-castleton-ave-2agc1o","2025-02-19T00:00:00.000","No",,"Castleton Avenue","Staten Island","10310","501","SI01","5013302","SI0106","40.634294","-74.119554","3.98","POINT (-74.119554 40.634294)"
"BK - Van Brunt St/Reed St","BK-van-brunt-st-reed-st-0pzyg0","2022-02-18T00:00:00.000","No","2022-12-27T00:00:00.000","Van Brunt Street","Brooklyn","11231","306","BK06","3005301","BK0601","40.674602","-74.01607","64.96","POINT (-74.01607 40.674602)"
"Q - 160th St/72nd Ave","Q-160th-st-72nd-ave-1lmgk0","2023-10-26T00:00:00.000","No",,"72nd Avenue","Queens","11365","408","QN08","4125700","QN0802","40.728024","-73.808891","9.02","POINT (-73.808891 40.728024)"
"BK - 2nd Ave/49th St","BK-2nd-ave-49th-st-20cdbc","2024-08-07T00:00:00.000","No","2025-09-17T00:00:00.000","2nd Avenue","Brooklyn","11232","307","BK07","3001803","BK0702","40.649779","-74.016307","5.98","POINT (-74.016307 40.649779)"
"M - W 24th St/12th Ave","M-12th-ave-w-24th-st-2nvb30","2025-11-07T00:00:00.000","No",,"West 24th Street","Manhattan","10011","104","MN04","1009901","MN0401","40.75026","-74.00807","8.78","POINT (-74.00807 40.75026)"
"BK - Fulton St/Dekalb Ave","BK-fulton-st-dekalb-ave-1zmfzc","2024-07-24T00:00:00.000","No","2025-01-23T00:00:00.000","Fulton Street, Harriet Ross Tubman Avenue, Fulton Mall","Brooklyn","11201","302","BK02","3003300","BK0203","40.689812","-73.983095","6.73","POINT (-73.983095 40.689812)"
"M - Morningside Av/125th St","M-morningside-av-125th-st-0mhn80","2021-12-12T00:00:00.000","No","2023-10-12T00:00:00.000","Morningside Avenue","Manhattan","10027","109","MN09","1020901","MN0901","40.811159","-73.954033","10.43","POINT (-73.954033 40.811159)"
"BK - Bergen St / 3rd Ave","BK-3rd-ave-bergen-st-2jg440","2025-08-13T00:00:00.000","No",,"Bergen Street","Brooklyn","11217","302","BK06","3012700","BK0601","40.683327","-73.981874","6.97","POINT (-73.981874 40.683327)"
"BK - Neptune Ave W 35th St","BK-neptune-ave-w-35th-st-1xvfk0","2024-06-20T00:00:00.000","No",,"West 35th Street","Brooklyn","11224","313","BK13","3032800","BK1302","40.577021","-74.001021","7.91","POINT (-74.001021 40.577021)"
"BK - E92nd St/ Ave J","BK-e-92nd-st-avenue-j-2nick0","2025-10-31T00:00:00.000","No",,"East 92nd Street","Brooklyn","11236","318","BK18","3099200","BK1803","40.63931","-73.90265","9.37","POINT (-73.90265 40.63931)"
"Q - 77th St/62nd Ave","Q-77th-st-62nd-ave-1vcgk0","2024-05-02T00:00:00.000","No",,"77th Street","Queens","11379","405","QN05","4067100","QN0504","40.721687","-73.880904","9.65","POINT (-73.880904 40.721687)"
"BK - 2nd Ave/53rd St","BK-2nd-ave-53rd-st-1umuc0","2024-04-18T00:00:00.000","No",,"53rd Street, Whale Square","Brooklyn","11232","307","BK07","3002000","BK0702","40.647348","-74.018487","13.31","POINT (-74.018487 40.647348)"
"BK - Bay 49th St/Harway Ave","BK-bay-49th-st-harway-ave-1xvl40","2024-06-20T00:00:00.000","No",,"Harway Avenue","Brooklyn","11214","313","BK13","3030600","BK1301","40.588256","-73.984969","3.86","POINT (-73.984969 40.588256)"
